country_code,year,ElectricityAccess_PercentofPopulation,CO2Emissions_Agriculture,CO2Emissions_TransportEnergy,CO2Emissions_Waste,ForestArea_PercentofLand,RenewableEnergy_Consumption_Percent,GreenhouseGasEmissions_TotalperCapita,id,country_name,region,regional_median
ARG,2023,0.0,2.4059,47.4454,0.012,0.0,0.0,8.030246824,,Argentina,Latin America and the Caribbean,3.523066439
BGR,2023,0.0,0.7915,9.4078,0.0013,0.0,0.0,8.279144528,,Bulgaria,Europe and Central Asia,6.5015912305
BRA,2023,0.0,13.2291,216.8353,0.3025,0.0,0.0,6.157830875,,Brazil,Latin America and the Caribbean,3.523066439
CAN,2023,0.0,3.7928,166.3535,0.1068,0.0,0.0,18.64637779,,Canada,North America,18.06254835
CHE,2023,0.0,0.0547,14.6636,0.0085,0.0,0.0,4.888157673,,Switzerland,Europe and Central Asia,6.5015912305
CHL,2023,0.0,0.3962,31.9471,0.0088,0.0,0.0,6.178550255,,Chile,Latin America and the Caribbean,3.523066439
CHN,2023,0.0,15.0616,1077.7615,3.6358,0.0,0.0,11.30210079,,China,East Asia and Pacific,3.598782713
COL,2023,0.0,0.6396,36.7,0.0189,0.0,0.0,4.280612935,,Colombia,Latin America and the Caribbean,3.523066439
CZE,2023,0.0,0.1359,19.3862,0.0563,0.0,0.0,10.53368534,,Czechia,Europe and Central Asia,6.5015912305
DEU,2023,0.0,0.566,139.7212,0.0309,0.0,0.0,8.186963256,,Germany,Europe and Central Asia,6.5015912305
ECU,2023,0.0,0.5457,21.8914,0.0047,0.0,0.0,4.093674095,,Ecuador,Latin America and the Caribbean,3.523066439
ESP,2023,0.0,0.889,92.1021,4.1758,0.0,0.0,5.902714306,,Spain,Europe and Central Asia,6.5015912305
FRA,2023,0.0,2.2318,122.2146,2.3339,0.0,0.0,5.645545281,,France,Europe and Central Asia,6.5015912305
GBR,2023,0.0,1.436,108.4809,0.0543,0.0,0.0,5.549650329,,United Kingdom,Europe and Central Asia,6.5015912305
GRC,2023,0.0,0.143,17.5708,0.0017,0.0,0.0,6.656615657,,Greece,Europe and Central Asia,6.5015912305
GRL,2023,0.0,0.0,0.0957,0.0011,0.0,0.0,11.38310033,,Greenland,Europe and Central Asia,6.5015912305
HKG,2023,0.0,0.0,6.4518,0.0112,0.0,0.0,5.330051353,,"Hong Kong SAR, China",East Asia and Pacific,3.598782713
HND,2023,0.0,0.0,4.9575,0.0334,0.0,0.0,2.153163064,,Honduras,Latin America and the Caribbean,3.523066439
HUN,2023,0.0,0.1725,14.251,0.0188,0.0,0.0,6.351711695,,Hungary,Europe and Central Asia,6.5015912305
IDN,2023,0.0,5.8916,149.5385,0.1743,0.0,0.0,4.268286618,,Indonesia,East Asia and Pacific,3.598782713
IRL,2023,0.0,0.1786,11.1129,0.0087,0.0,0.0,10.90008667,,Ireland,Europe and Central Asia,6.5015912305
ITA,2023,0.0,0.7826,102.7268,0.4051,0.0,0.0,6.341789495,,Italy,Europe and Central Asia,6.5015912305
JPN,2023,0.0,0.5735,179.633,3.221,0.0,0.0,8.360430513,,Japan,East Asia and Pacific,3.598782713
KEN,2023,0.0,0.2002,10.6148,0.0015,0.0,0.0,1.562588886,,Kenya,Sub-Saharan Africa,1.562588886
KHM,2023,0.0,0.0,7.3642,0.013,0.0,0.0,2.799307617,,Cambodia,East Asia and Pacific,3.598782713
KOR,2023,0.0,0.4551,106.1251,1.6148,0.0,0.0,12.64384037,,"Korea, Rep.",East Asia and Pacific,3.598782713
MEX,2023,0.0,2.6511,130.2114,0.5063,0.0,0.0,5.488696029,,Mexico,Latin America and the Caribbean,3.523066439
MKD,2023,0.0,0.021,2.4894,0.02,0.0,0.0,6.22053861,,North Macedonia,Europe and Central Asia,6.5015912305
MMR,2023,0.0,1.1967,5.3645,0.047,0.0,0.0,2.125793945,,Myanmar,East Asia and Pacific,3.598782713
MYS,2023,0.0,1.3999,66.3485,0.078,0.0,0.0,9.263879729,,Malaysia,East Asia and Pacific,3.598782713
NOR,2023,0.0,0.0053,13.4938,0.0512,0.0,0.0,10.27559273,,Norway,Europe and Central Asia,6.5015912305
NZL,2023,0.0,0.9066,15.9996,0.0021,0.0,0.0,16.12257089,,New Zealand,East Asia and Pacific,3.598782713
PER,2023,0.0,1.1853,24.0271,0.0097,0.0,0.0,2.778755666,,Peru,Latin America and the Caribbean,3.523066439
PHL,2023,0.0,1.1389,36.4537,0.1537,0.0,0.0,2.229476254,,Philippines,East Asia and Pacific,3.598782713
POL,2023,0.0,1.6528,67.9125,0.1963,0.0,0.0,9.916065626,,Poland,Europe and Central Asia,6.5015912305
PRK,2023,0.0,0.0254,4.9264,0.0112,0.0,0.0,3.41236293,,"Korea, Dem. People's Rep.",East Asia and Pacific,3.598782713
PRT,2023,0.0,0.0321,15.7814,0.2051,0.0,0.0,5.010751383,,Portugal,Europe and Central Asia,6.5015912305
ROU,2023,0.0,0.8442,20.7788,0.0047,0.0,0.0,5.553792945,,Romania,Europe and Central Asia,6.5015912305
SGP,2023,0.0,0.0,6.7113,0.042,0.0,0.0,12.55399105,,Singapore,East Asia and Pacific,3.598782713
SVN,2023,0.0,0.0027,4.7757,0.0049,0.0,0.0,7.542463644,,Slovenia,Europe and Central Asia,6.5015912305
SWE,2023,0.0,0.0153,13.3122,0.1556,0.0,0.0,4.661679368,,Sweden,Europe and Central Asia,6.5015912305
THA,2023,0.0,2.1042,79.7893,0.0189,0.0,0.0,6.147392344,,Thailand,East Asia and Pacific,3.598782713
UKR,2023,0.0,2.387,22.2331,0.0128,0.0,0.0,5.726916471,,Ukraine,Europe and Central Asia,6.5015912305
VEN,2023,0.0,0.105,17.6502,0.0179,0.0,0.0,5.38463963,,"Venezuela, RB",Latin America and the Caribbean,3.523066439
VNM,2023,0.0,2.6305,39.3183,0.052,0.0,0.0,5.222940222,,Viet Nam,East Asia and Pacific,3.598782713
MLI,2022,53.0,0.1636,3.4212,0.0105,10.89666363,71.1,1.562588886,,Mali,Sub-Saharan Africa,1.562588886
MLI,2021,53.4,0.1744,3.267,0.0101,10.89666363,71.2,2.028967382,,Mali,Sub-Saharan Africa,1.562588886
ETH,2021,54.2,0.4032,7.1509,0.0015,15.05930418,90.6,1.562588886,,Ethiopia,Sub-Saharan Africa,1.562588886
PRK,2022,54.7,0.0254,4.602,0.0111,49.72701603,0.0,3.254692714,,"Korea, Dem. People's Rep.",East Asia and Pacific,3.598782713
MMR,2021,72.5,0.99,4.9609,0.0455,43.29014663,62.9,2.23293821,,Myanmar,East Asia and Pacific,3.598782713
MMR,2022,73.7,1.0868,5.1964,0.0463,42.84626228,0.0,2.201351803,,Myanmar,East Asia and Pacific,3.598782713
KHM,2022,92.3,0.0,7.1808,0.0126,43.94397235,0.0,2.76711218,,Cambodia,East Asia and Pacific,3.598782713
HND,2021,94.1,0.0,4.5973,0.0318,56.6476897,45.9,2.088917098,,Honduras,Latin America and the Caribbean,3.523066439
HND,2022,94.4,0.0,4.6589,0.0326,56.46045223,0.0,2.112650078,,Honduras,Latin America and the Caribbean,3.523066439
PHL,2022,94.8,1.1971,34.8475,0.1508,24.34305933,0.0,2.145634365,,Philippines,East Asia and Pacific,3.598782713
PER,2021,95.6,1.2647,21.5476,0.0094,56.37307289,30.6,2.653315029,,Peru,Latin America and the Caribbean,3.523066439
PER,2022,96.2,1.225,23.1808,0.0095,56.23804773,0.0,2.754285097,,Peru,Latin America and the Caribbean,3.523066439
PHL,2021,97.5,1.2693,31.7788,0.148,24.22604554,28.0,2.125638202,,Philippines,East Asia and Pacific,3.598782713
IDN,2021,99.2,5.8428,135.6674,0.1672,48.36194487,20.2,3.891766792,,Indonesia,East Asia and Pacific,3.598782713
BRA,2021,99.5,12.832,200.1659,0.2965,59.2705275,46.5,6.177569476,,Brazil,Latin America and the Caribbean,3.523066439
THA,2022,99.9,2.1495,78.8804,0.0186,38.75785394,0.0,6.168401347,,Thailand,East Asia and Pacific,3.598782713
ALB,2021,100.0,0.0483,1.7487,0.0028,28.7919708,41.9,2.985880969,,Albania,Europe and Central Asia,6.5015912305
ARG,2021,100.0,2.1242,46.9494,0.0117,10.40076395,9.2,8.1128999,,Argentina,Latin America and the Caribbean,3.523066439
ARG,2022,100.0,2.2706,49.2634,0.0118,10.3611378,0.0,8.253217325,,Argentina,Latin America and the Caribbean,3.523066439
AUS,2021,100.0,3.2157,87.607,0.0157,17.42131456,12.3,3.598782713,,Australia,East Asia and Pacific,3.598782713
BLR,2022,100.0,0.4689,9.6305,0.0131,43.33513966,0.0,9.406418741,,Belarus,Europe and Central Asia,6.5015912305
BRA,2022,100.0,12.9799,212.577,0.2995,59.12751189,0.0,6.174273857,,Brazil,Latin America and the Caribbean,3.523066439
CAN,2021,100.0,3.694,156.9292,0.1143,39.47012793,23.8,19.04473039,,Canada,North America,18.06254835
CAN,2022,100.0,3.7035,164.2478,0.1105,39.46592,0.0,19.13875621,,Canada,North America,18.06254835
CHE,2021,100.0,0.0431,14.6239,0.0088,32.20860332,27.7,5.368631517,,Switzerland,Europe and Central Asia,6.5015912305
CHE,2022,100.0,0.0484,14.4444,0.0086,32.2956707,0.0,4.963229262,,Switzerland,Europe and Central Asia,6.5015912305
CHL,2021,100.0,0.3692,27.8142,0.0083,24.65747271,24.2,6.439589287,,Chile,Latin America and the Caribbean,3.523066439
CHL,2022,100.0,0.3818,31.1985,0.0085,24.82277373,0.0,6.412712583,,Chile,Latin America and the Caribbean,3.523066439
CHN,2021,100.0,15.9153,969.4479,3.4822,23.63152827,15.2,10.74486611,,China,East Asia and Pacific,3.598782713
CHN,2022,100.0,15.4808,929.0863,3.5582,23.83173363,0.0,10.7349599,,China,East Asia and Pacific,3.598782713
COL,2021,100.0,0.6514,34.5744,0.0185,53.12539585,29.7,4.064929217,,Colombia,Latin America and the Caribbean,3.523066439
COL,2022,100.0,0.6454,36.0946,0.0187,52.94577639,0.0,4.118951847,,Colombia,Latin America and the Caribbean,3.523066439
CZE,2021,100.0,0.159,18.8332,0.0569,34.70669802,17.2,11.74900807,,Czechia,Europe and Central Asia,6.5015912305
CZE,2022,100.0,0.1471,19.3176,0.0566,34.73694318,0.0,11.61259649,,Czechia,Europe and Central Asia,6.5015912305
DEU,2021,100.0,0.6946,147.2432,0.0649,32.68267552,17.6,9.417374218,,Germany,Europe and Central Asia,6.5015912305
DEU,2022,100.0,0.6193,147.7071,0.0448,32.68548202,0.0,9.093100508,,Germany,Europe and Central Asia,6.5015912305
ECU,2021,100.0,0.5443,19.1629,0.0046,50.06265099,18.9,3.881005431,,Ecuador,Latin America and the Caribbean,3.523066439
ECU,2022,100.0,0.5446,20.4313,0.0046,49.80387341,0.0,3.964576321,,Ecuador,Latin America and the Caribbean,3.523066439
ESP,2021,100.0,0.9753,86.5391,3.9722,37.17275211,19.0,6.508282873,,Spain,Europe and Central Asia,6.5015912305
ESP,2022,100.0,0.9141,92.9329,4.0727,37.18279228,0.0,6.383833189,,Spain,Europe and Central Asia,6.5015912305
FRA,2021,100.0,2.0937,118.914,2.3027,31.66136128,16.2,6.330623594,,France,Europe and Central Asia,6.5015912305
FRA,2022,100.0,1.9855,123.3696,2.3177,31.81367419,0.0,6.113451969,,France,Europe and Central Asia,6.5015912305
GBR,2021,100.0,1.5625,104.3231,0.0573,13.22145538,12.2,6.260740188,,United Kingdom,Europe and Central Asia,6.5015912305
GBR,2022,100.0,1.4518,107.0033,0.0558,13.25548712,0.0,5.996658849,,United Kingdom,Europe and Central Asia,6.5015912305
GRC,2021,100.0,0.1483,15.9518,0.0021,30.26997673,21.5,6.913091966,,Greece,Europe and Central Asia,6.5015912305
GRL,2022,100.0,0.0,0.0954,0.0011,0.000535997,11.7,11.30936623,,Greenland,Europe and Central Asia,6.5015912305
HKG,2022,100.0,0.0,5.1948,0.0111,0.0,0.0,5.176392916,,"Hong Kong SAR, China",East Asia and Pacific,3.598782713
HUN,2021,100.0,0.1643,13.6,0.0182,22.48034955,15.3,6.911519398,,Hungary,Europe and Central Asia,6.5015912305
HUN,2022,100.0,0.1672,14.6829,0.0185,22.46437541,0.0,6.66393485,,Hungary,Europe and Central Asia,6.5015912305
IDN,2022,100.0,5.913,147.5568,0.1707,48.04199007,0.0,4.134145583,,Indonesia,East Asia and Pacific,3.598782713
IRL,2021,100.0,0.1731,10.6207,0.0103,11.40978371,12.7,12.18231713,,Ireland,Europe and Central Asia,6.5015912305
IRL,2022,100.0,0.1771,11.2571,0.0095,11.46784729,0.0,11.6883675,,Ireland,Europe and Central Asia,6.5015912305
ITA,2021,100.0,0.8285,98.2405,0.4239,32.53089947,17.5,6.877733417,,Italy,Europe and Central Asia,6.5015912305
ITA,2022,100.0,0.8006,104.0128,0.4144,32.71253212,0.0,6.830985439,,Italy,Europe and Central Asia,6.5015912305
JPN,2021,100.0,0.6106,183.2351,3.3304,68.40877915,8.8,9.402885274,,Japan,East Asia and Pacific,3.598782713
JPN,2022,100.0,0.5789,186.5865,3.2744,68.40877915,0.0,8.851755424,,Japan,East Asia and Pacific,3.598782713
KOR,2021,100.0,0.4563,103.2321,1.6141,64.31352459,3.6,13.72473106,,"Korea, Rep.",East Asia and Pacific,3.598782713
KOR,2022,100.0,0.4551,106.5876,1.6145,64.21106557,0.0,12.9338431,,"Korea, Rep.",East Asia and Pacific,3.598782713
LAO,2021,100.0,0.0,2.4932,0.0149,71.75476603,51.5,5.204989968,,Lao PDR,East Asia and Pacific,3.598782713
LAO,2022,100.0,0.0,2.6158,0.0153,71.60528596,49.2,5.30162229,,Lao PDR,East Asia and Pacific,3.598782713
MEX,2021,100.0,2.7109,105.2884,0.4915,33.72736783,13.0,5.253133794,,Mexico,Latin America and the Caribbean,3.523066439
MEX,2022,100.0,2.6806,128.0524,0.4989,33.66164197,0.0,5.345831872,,Mexico,Latin America and the Caribbean,3.523066439
MKD,2021,100.0,0.0206,2.2586,0.0198,39.71015067,19.5,5.574177759,,North Macedonia,Europe and Central Asia,6.5015912305
MKD,2022,100.0,0.0208,2.4636,0.0199,39.71015067,0.0,6.006020597,,North Macedonia,Europe and Central Asia,6.5015912305
MYS,2021,100.0,1.4545,49.0111,0.075,58.02431898,7.5,8.744618485,,Malaysia,East Asia and Pacific,3.598782713
MYS,2022,100.0,1.4232,59.2585,0.0765,57.87167859,0.0,9.101715315,,Malaysia,East Asia and Pacific,3.598782713
NOR,2021,100.0,0.0053,13.3268,0.0604,33.45814918,61.4,10.70679989,,Norway,Europe and Central Asia,6.5015912305
NOR,2022,100.0,0.0053,13.7387,0.0556,33.47956186,0.0,10.4900619,,Norway,Europe and Central Asia,6.5015912305
POL,2021,100.0,1.7327,66.4286,0.1986,31.01927475,15.2,10.95363503,,Poland,Europe and Central Asia,6.5015912305
POL,2022,100.0,1.6795,67.7151,0.1974,31.05949231,0.0,10.78768963,,Poland,Europe and Central Asia,6.5015912305
PRT,2021,100.0,0.0338,15.4494,0.199,36.15499489,32.3,5.384058088,,Portugal,Europe and Central Asia,6.5015912305
PRT,2022,100.0,0.0337,16.4197,0.202,36.15499489,0.0,5.387752661,,Portugal,Europe and Central Asia,6.5015912305
ROU,2021,100.0,1.056,19.1771,0.0051,30.11582928,23.6,6.057736774,,Romania,Europe and Central Asia,6.5015912305
ROU,2022,100.0,0.8554,20.7484,0.0049,30.11582928,0.0,5.825066979,,Romania,Europe and Central Asia,6.5015912305
SGP,2021,100.0,0.0,6.1442,0.041,21.43454039,1.1,12.99487345,,Singapore,East Asia and Pacific,3.598782713
SGP,2022,100.0,0.0,6.0305,0.0415,21.18384401,0.0,12.74555962,,Singapore,East Asia and Pacific,3.598782713
SVN,2021,100.0,0.0027,5.1188,0.0062,61.371114,23.4,8.524870273,,Slovenia,Europe and Central Asia,6.5015912305
SVN,2022,100.0,0.0027,5.382,0.0055,61.27019229,0.0,8.126980279,,Slovenia,Europe and Central Asia,6.5015912305
SWE,2021,100.0,0.016,15.3314,0.1564,68.69966608,57.9,5.17725408,,Sweden,Europe and Central Asia,6.5015912305
SWE,2022,100.0,0.0159,13.6122,0.156,68.69966608,0.0,4.780230956,,Sweden,Europe and Central Asia,6.5015912305
THA,2021,100.0,2.186,68.5839,0.0183,38.82831921,19.0,5.987437258,,Thailand,East Asia and Pacific,3.598782713
TUR,2021,100.0,2.3106,89.4596,0.0017,29.0741785,12.0,7.423079129,,Turkiye,Europe and Central Asia,6.5015912305
UKR,2021,100.0,2.7087,25.4859,0.0119,16.73455299,8.9,6.355599179,,Ukraine,Europe and Central Asia,6.5015912305
VEN,2021,100.0,0.1421,10.9674,0.0175,52.34778074,33.7,4.769956441,,"Venezuela, RB",Latin America and the Caribbean,3.523066439
VEN,2022,100.0,0.1221,13.54,0.0177,52.29497194,0.0,5.100978743,,"Venezuela, RB",Latin America and the Caribbean,3.523066439
VNM,2021,100.0,3.0785,32.1157,0.0493,46.96116186,24.2,4.958326316,,Viet Nam,East Asia and Pacific,3.598782713
VNM,2022,100.0,2.7572,35.0434,0.0506,47.20332196,0.0,4.75147259,,Viet Nam,East Asia and Pacific,3.598782713
ABW,2023,0.0,0.0,0.1864,0.0,0.0,0.0,5.23011578,,Aruba,Latin America and the Caribbean,3.523066439
AFG,2023,0.0,0.0151,2.3412,0.0,0.0,0.0,2.0324088849999997,,Afghanistan,South Asia,2.0916889505
AGO,2023,0.0,0.0,8.4967,0.0,0.0,0.0,1.562588886,,Angola,Sub-Saharan Africa,1.562588886
AND,2023,0.0,0.0,0.0,0.0,0.0,0.0,6.494899588,,Andorra,Europe and Central Asia,6.5015912305
ARE,2023,0.0,0.0,43.3677,0.0,0.0,0.0,5.673357126,,United Arab Emirates,Middle East and North Africa,5.673357126
ARM,2023,0.0,0.0452,2.4744,0.0,0.0,0.0,3.62309004,,Armenia,Europe and Central Asia,6.5015912305
ASM,2021,0.0,0.0,0.0,0.0,85.5,0.4,3.598782713,,American Samoa,East Asia and Pacific,3.598782713
ASM,2022,0.0,0.0,0.0,0.0,85.35,0.4,3.598782713,,American Samoa,East Asia and Pacific,3.598782713
ASM,2023,0.0,0.0,0.0,0.0,0.0,0.0,3.598782713,,American Samoa,East Asia and Pacific,3.598782713
ATG,2023,0.0,0.0,0.1136,0.0,0.0,0.0,4.164344807,,Antigua and Barbuda,Latin America and the Caribbean,3.523066439
BDI,2023,0.0,0.0,0.4063,0.0,0.0,0.0,1.562588886,,Burundi,Sub-Saharan Africa,1.562588886
BFA,2023,0.0,0.0,2.7255,0.0,0.0,0.0,1.562588886,,Burkina Faso,Sub-Saharan Africa,1.562588886
BGD,2023,0.0,2.8182,11.649,0.0,0.0,0.0,2.0324088849999997,,Bangladesh,South Asia,2.0916889505
BHR,2023,0.0,0.0,3.5207,0.0,0.0,0.0,5.673357126,,Bahrain,Middle East and North Africa,5.673357126
BLZ,2023,0.0,0.0,0.095,0.0,0.0,0.0,2.238595399,,Belize,Latin America and the Caribbean,3.523066439
BMU,2023,0.0,0.0,0.1232,0.0,0.0,0.0,5.854895051,,Bermuda,North America,18.06254835
BRB,2023,0.0,0.0,0.2478,0.0,0.0,0.0,3.502918508,,Barbados,Latin America and the Caribbean,3.523066439
BTN,2023,0.0,0.0,0.4276,0.0,0.0,0.0,4.139066742,,Bhutan,South Asia,2.0916889505
BWA,2023,0.0,0.0,2.3938,0.0,0.0,0.0,5.125624737,,Botswana,Sub-Saharan Africa,1.562588886
CAF,2023,0.0,0.0,0.2045,0.0,0.0,0.0,2.426548607,,Central African Republic,Sub-Saharan Africa,1.562588886
CHI,2023,0.0,0.0,0.0,0.0,0.0,0.0,6.494899588,,Channel Islands,Europe and Central Asia,6.5015912305
CIV,2023,0.0,0.136,5.1628,0.0,0.0,0.0,1.562588886,,Cote d'Ivoire,Sub-Saharan Africa,1.562588886
CMR,2023,0.0,0.0761,4.2671,0.0,0.0,0.0,1.562588886,,Cameroon,Sub-Saharan Africa,1.562588886
COD,2023,0.0,0.0,2.7708,0.0,0.0,0.0,1.562588886,,"Congo, Dem. Rep.",Sub-Saharan Africa,1.562588886
COG,2023,0.0,0.0,1.4583,0.0,0.0,0.0,3.833485501,,"Congo, Rep.",Sub-Saharan Africa,1.562588886
COM,2023,0.0,0.0,0.1808,0.0,0.0,0.0,1.562588886,,Comoros,Sub-Saharan Africa,1.562588886
CPV,2023,0.0,0.0,0.5745,0.0,0.0,0.0,2.357700385,,Cabo Verde,Sub-Saharan Africa,1.562588886
CRI,2023,0.0,0.145,6.0686,0.0,0.0,0.0,3.225544875,,Costa Rica,Latin America and the Caribbean,3.523066439
CUW,2023,0.0,0.0,0.0,0.0,0.0,0.0,3.523066439,,Curacao,Latin America and the Caribbean,3.523066439
CYM,2023,0.0,0.0,0.1259,0.0,0.0,0.0,5.341055341,,Cayman Islands,Latin America and the Caribbean,3.523066439
CYP,2023,0.0,0.0036,1.8772,0.0,0.0,0.0,7.676493856,,Cyprus,Europe and Central Asia,6.5015912305
DJI,2023,0.0,0.0,0.3471,0.0,0.0,0.0,5.673357126,,Djibouti,Middle East and North Africa,5.673357126
ERI,2023,0.0,0.0,0.2105,0.0,0.0,0.0,1.562588886,,Eritrea,Sub-Saharan Africa,1.562588886
FIN,2023,0.0,0.0,8.9587,0.0,0.0,0.0,7.78191128,,Finland,Europe and Central Asia,6.5015912305
FJI,2023,0.0,0.0,1.111,0.0,0.0,0.0,3.680158417,,Fiji,East Asia and Pacific,3.598782713
FSM,2023,0.0,0.0,0.0,0.0,0.0,0.0,3.598782713,,"Micronesia, Fed. Sts.",East Asia and Pacific,3.598782713
GEO,2023,0.0,0.0868,4.4368,0.0,0.0,0.0,5.126978108,,Georgia,Europe and Central Asia,6.5015912305
GHA,2023,0.0,0.0,9.0355,0.0,0.0,0.0,1.562588886,,Ghana,Sub-Saharan Africa,1.562588886
GIN,2023,0.0,0.0,1.754,0.0,0.0,0.0,1.562588886,,Guinea,Sub-Saharan Africa,1.562588886
GMB,2023,0.0,0.0,0.3439,0.0,0.0,0.0,1.562588886,,"Gambia, The",Sub-Saharan Africa,1.562588886
GNB,2023,0.0,0.0,0.1957,0.0,0.0,0.0,1.562588886,,Guinea-Bissau,Sub-Saharan Africa,1.562588886
GNQ,2023,0.0,0.0,0.5321,0.0,0.0,0.0,3.779114925,,Equatorial Guinea,Sub-Saharan Africa,1.562588886
GRD,2023,0.0,0.0,0.0501,0.0,0.0,0.0,3.523066439,,Grenada,Latin America and the Caribbean,3.523066439
GTM,2023,0.0,0.4434,11.5178,0.0,0.0,0.0,2.426565137,,Guatemala,Latin America and the Caribbean,3.523066439
GUM,2023,0.0,0.0,0.0,0.0,0.0,0.0,3.598782713,,Guam,East Asia and Pacific,3.598782713
HRV,2023,0.0,0.061,6.8918,0.0,0.0,0.0,6.480708534,,Croatia,Europe and Central Asia,6.5015912305
HTI,2023,0.0,0.0,1.4529,0.0,0.0,0.0,3.523066439,,Haiti,Latin America and the Caribbean,3.523066439
IMN,2023,0.0,0.0,0.0,0.0,0.0,0.0,6.494899588,,Isle of Man,Europe and Central Asia,6.5015912305
IND,2023,0.0,30.5827,339.7606,0.0,0.0,0.0,2.874377159,,India,South Asia,2.0916889505
IRN,2023,0.0,1.6929,138.699,0.0,0.0,0.0,11.00062823,,"Iran, Islamic Rep.",Middle East and North Africa,5.673357126
IRQ,2023,0.0,0.0369,40.0312,0.0,0.0,0.0,8.048640139,,Iraq,Middle East and North Africa,5.673357126
ISR,2023,0.0,0.0714,18.4151,0.0,0.0,0.0,8.156345448,,Israel,Middle East and North Africa,5.673357126
KAZ,2023,0.0,0.4524,23.5608,0.0,0.0,0.0,15.75742062,,Kazakhstan,Europe and Central Asia,6.5015912305
KGZ,2023,0.0,0.1282,1.7158,0.0,0.0,0.0,3.056192119,,Kyrgyz Republic,Europe and Central Asia,6.5015912305
KIR,2023,0.0,0.0,0.0498,0.0,0.0,0.0,3.598782713,,Kiribati,East Asia and Pacific,3.598782713
KNA,2023,0.0,0.0,0.0417,0.0,0.0,0.0,3.731981693,,St. Kitts and Nevis,Latin America and the Caribbean,3.523066439
LBN,2023,0.0,0.0053,7.0641,0.0,0.0,0.0,4.273374888,,Lebanon,Middle East and North Africa,5.673357126
LBR,2023,0.0,0.0,0.8101,0.0,0.0,0.0,1.562588886,,Liberia,Sub-Saharan Africa,1.562588886
LBY,2023,0.0,0.0269,18.5102,0.0,0.0,0.0,13.13088936,,Libya,Middle East and North Africa,5.673357126
LCA,2023,0.0,0.0,0.1042,0.0,0.0,0.0,2.517221184,,St. Lucia,Latin America and the Caribbean,3.523066439
LIE,2023,0.0,0.0,0.0,0.0,0.0,0.0,6.494899588,,Liechtenstein,Europe and Central Asia,6.5015912305
LKA,2023,0.0,0.1371,9.4371,0.0,0.0,0.0,2.0324088849999997,,Sri Lanka,South Asia,2.0916889505
LSO,2023,0.0,0.0,0.4992,0.0,0.0,0.0,1.562588886,,Lesotho,Sub-Saharan Africa,1.562588886
LUX,2023,0.0,0.0,4.1983,0.0,0.0,0.0,11.79553742,,Luxembourg,Europe and Central Asia,6.5015912305
LVA,2023,0.0,0.2094,3.0638,0.0,0.0,0.0,5.836389348,,Latvia,Europe and Central Asia,6.5015912305
MAF,2023,0.0,0.0,0.0,0.0,0.0,0.0,3.523066439,,St. Martin (French part),Latin America and the Caribbean,3.523066439
MAR,2023,0.0,0.1669,17.3964,0.0,0.0,0.0,2.82670695,,Morocco,Middle East and North Africa,5.673357126
MCO,2023,0.0,0.0,0.0,0.0,0.0,0.0,6.494899588,,Monaco,Europe and Central Asia,6.5015912305
MDG,2023,0.0,0.0,1.3562,0.0,0.0,0.0,1.562588886,,Madagascar,Sub-Saharan Africa,1.562588886
MHL,2023,0.0,0.0,0.0,0.0,0.0,0.0,3.598782713,,Marshall Islands,East Asia and Pacific,3.598782713
MNE,2023,0.0,0.0,0.0,0.0,0.0,0.0,6.494899588,,Montenegro,Europe and Central Asia,6.5015912305
MNP,2023,0.0,0.0,0.0,0.0,0.0,0.0,3.598782713,,Northern Mariana Islands,East Asia and Pacific,3.598782713
MOZ,2023,0.0,0.0,3.9254,0.0,0.0,0.0,1.562588886,,Mozambique,Sub-Saharan Africa,1.562588886
MRT,2023,0.0,0.0,2.4289,0.0,0.0,0.0,3.287106807,,Mauritania,Sub-Saharan Africa,1.562588886
MWI,2023,0.0,0.0,0.7669,0.0,0.0,0.0,1.562588886,,Malawi,Sub-Saharan Africa,1.562588886
NAM,2023,0.0,0.0,2.1468,0.0,0.0,0.0,4.34872996,,Namibia,Sub-Saharan Africa,1.562588886
NCL,2023,0.0,0.0,1.8622,0.0,0.0,0.0,3.598782713,,New Caledonia,East Asia and Pacific,3.598782713
NER,2023,0.0,0.0,1.2671,0.0,0.0,0.0,1.562588886,,Niger,Sub-Saharan Africa,1.562588886
NGA,2023,0.0,1.68,57.8574,0.0,0.0,0.0,1.562588886,,Nigeria,Sub-Saharan Africa,1.562588886
NIC,2023,0.0,0.1358,2.7238,0.0,0.0,0.0,3.023075898,,Nicaragua,Latin America and the Caribbean,3.523066439
NLD,2023,0.0,0.1846,25.4901,0.0,0.0,0.0,8.432332797,,Netherlands,Europe and Central Asia,6.5015912305
NPL,2023,0.0,0.2579,4.7638,0.0,0.0,0.0,2.0324088849999997,,Nepal,South Asia,2.0916889505
NRU,2023,0.0,0.0,0.0,0.0,0.0,0.0,3.598782713,,Nauru,East Asia and Pacific,3.598782713
OMN,2023,0.0,0.0,12.2176,0.0,0.0,0.0,5.673357126,,Oman,Middle East and North Africa,5.673357126
PAK,2023,0.0,5.6201,43.3748,0.0,0.0,0.0,2.150969016,,Pakistan,South Asia,2.0916889505
PAN,2023,0.0,0.0,5.6463,0.0,0.0,0.0,4.77300971,,Panama,Latin America and the Caribbean,3.523066439
PLW,2023,0.0,0.0,0.7556,0.0,0.0,0.0,3.598782713,,Palau,East Asia and Pacific,3.598782713
PRI,2023,0.0,0.0,2.1984,0.0,0.0,0.0,5.011088093,,Puerto Rico,Latin America and the Caribbean,3.523066439
PSE,2023,0.0,0.0,0.0,0.0,0.0,0.0,5.673357126,,West Bank and Gaza,Middle East and North Africa,5.673357126
PYF,2023,0.0,0.0,0.645,0.0,0.0,0.0,4.889761595,,French Polynesia,East Asia and Pacific,3.598782713
QAT,2023,0.0,0.0018,14.7829,0.0,0.0,0.0,5.673357126,,Qatar,Middle East and North Africa,5.673357126
RUS,2023,0.0,5.811,261.6207,0.0,0.0,0.0,18.57826113,,Russian Federation,Europe and Central Asia,6.5015912305
RWA,2023,0.0,0.0,0.5963,0.0,0.0,0.0,1.562588886,,Rwanda,Sub-Saharan Africa,1.562588886
SAU,2023,0.0,0.2779,145.4886,0.0,0.0,0.0,5.673357126,,Saudi Arabia,Middle East and North Africa,5.673357126
SDN,2023,0.0,0.08,12.0563,0.0,0.0,0.0,2.772459274,,Sudan,Sub-Saharan Africa,1.562588886
SEN,2023,0.0,0.0063,3.4308,0.0,0.0,0.0,1.562588886,,Senegal,Sub-Saharan Africa,1.562588886
SLB,2023,0.0,0.0,0.2141,0.0,0.0,0.0,3.598782713,,Solomon Islands,East Asia and Pacific,3.598782713
SLE,2023,0.0,0.0,0.526,0.0,0.0,0.0,1.562588886,,Sierra Leone,Sub-Saharan Africa,1.562588886
SLV,2023,0.0,0.1904,4.407,0.0,0.0,0.0,2.068475079,,El Salvador,Latin America and the Caribbean,3.523066439
SMR,2023,0.0,0.0,0.0,0.0,0.0,0.0,6.494899588,,San Marino,Europe and Central Asia,6.5015912305
SOM,2023,0.0,0.0,0.4792,0.0,0.0,0.0,1.562588886,,Somalia,Sub-Saharan Africa,1.562588886
SRB,2023,0.0,0.0,0.0,0.0,0.0,0.0,6.494899588,,Serbia,Europe and Central Asia,6.5015912305
SSD,2023,0.0,0.0,0.0,0.0,0.0,0.0,1.562588886,,South Sudan,Sub-Saharan Africa,1.562588886
STP,2023,0.0,0.0,0.1219,0.0,0.0,0.0,1.562588886,,Sao Tome and Principe,Sub-Saharan Africa,1.562588886
SVK,2023,0.0,0.1301,7.5765,0.0,0.0,0.0,8.250920442,,Slovak Republic,Europe and Central Asia,6.5015912305
SWZ,2023,0.0,0.0,0.8525,0.0,0.0,0.0,2.673371767,,Eswatini,Sub-Saharan Africa,1.562588886
SXM,2023,0.0,0.0,0.0,0.0,0.0,0.0,3.523066439,,Sint Maarten (Dutch part),Latin America and the Caribbean,3.523066439
SYC,2023,0.0,0.0,0.7064,0.0,0.0,0.0,11.17697645,,Seychelles,Sub-Saharan Africa,1.562588886
SYR,2023,0.0,0.0404,4.9685,0.0,0.0,0.0,5.673357126,,Syrian Arab Republic,Middle East and North Africa,5.673357126
TCA,2023,0.0,0.0,0.0362,0.0,0.0,0.0,2.387549245,,Turks and Caicos Islands,Latin America and the Caribbean,3.523066439
TCD,2023,0.0,0.0,1.0713,0.0,0.0,0.0,4.936952432,,Chad,Sub-Saharan Africa,1.562588886
TJK,2023,0.0,0.0433,1.9609,0.0,0.0,0.0,2.063379667,,Tajikistan,Europe and Central Asia,6.5015912305
TKM,2023,0.0,0.8536,12.0538,0.0,0.0,0.0,13.4150223,,Turkmenistan,Europe and Central Asia,6.5015912305
TON,2023,0.0,0.0,0.1126,0.0,0.0,0.0,3.270648298,,Tonga,East Asia and Pacific,3.598782713
TTO,2023,0.0,0.0094,2.5093,0.0,0.0,0.0,3.523066439,,Trinidad and Tobago,Latin America and the Caribbean,3.523066439
TUN,2023,0.0,0.1651,8.1495,0.0,0.0,0.0,3.57188201,,Tunisia,Middle East and North Africa,5.673357126
TUV,2023,0.0,0.0,0.0,0.0,0.0,0.0,3.598782713,,Tuvalu,East Asia and Pacific,3.598782713
TZA,2023,0.0,0.1231,8.91,0.0,0.0,0.0,1.562588886,,Tanzania,Sub-Saharan Africa,1.562588886
UGA,2023,0.0,0.0,3.545,0.0,0.0,0.0,1.562588886,,Uganda,Sub-Saharan Africa,1.562588886
UZB,2023,0.0,1.7722,16.3187,0.0,0.0,0.0,6.017321684,,Uzbekistan,Europe and Central Asia,6.5015912305
VCT,2023,0.0,0.0,0.0338,0.0,0.0,0.0,3.523066439,,St. Vincent and the Grenadines,Latin America and the Caribbean,3.523066439
VGB,2023,0.0,0.0,0.0265,0.0,0.0,0.0,2.336796204,,British Virgin Islands,Latin America and the Caribbean,3.523066439
VIR,2023,0.0,0.0,0.0,0.0,0.0,0.0,3.523066439,,Virgin Islands (U.S.),Latin America and the Caribbean,3.523066439
VUT,2023,0.0,0.0,0.1469,0.0,0.0,0.0,2.091701544,,Vanuatu,East Asia and Pacific,3.598782713
WSM,2023,0.0,0.0,0.2399,0.0,0.0,0.0,2.982050465,,Samoa,East Asia and Pacific,3.598782713
XKX,2021,0.0,0.0,0.0,0.0,0.0,0.0,6.494899588,,Kosovo,Europe and Central Asia,6.5015912305
XKX,2022,0.0,0.0,0.0,0.0,0.0,0.0,6.494899588,,Kosovo,Europe and Central Asia,6.5015912305
XKX,2023,0.0,0.0,0.0,0.0,0.0,0.0,6.494899588,,Kosovo,Europe and Central Asia,6.5015912305
YEM,2023,0.0,0.0,2.6451,0.0,0.0,0.0,5.673357126,,"Yemen, Rep.",Middle East and North Africa,5.673357126
ZAF,2023,0.0,1.5516,49.4052,0.0,0.0,0.0,8.259702719,,South Africa,Sub-Saharan Africa,1.562588886
ZMB,2023,0.0,0.228,2.3584,0.0,0.0,0.0,1.562588886,,Zambia,Sub-Saharan Africa,1.562588886
ZWE,2023,0.0,0.0963,1.4784,0.0,0.0,0.0,1.562588886,,Zimbabwe,Sub-Saharan Africa,1.562588886
SSD,2021,7.7,0.0,0.0,0.0,11.32562151,32.4,1.562588886,,South Sudan,Sub-Saharan Africa,1.562588886
SSD,2022,8.4,0.0,0.0,0.0,11.32562151,0.0,1.562588886,,South Sudan,Sub-Saharan Africa,1.562588886
BDI,2021,10.2,0.0,0.4338,0.0,10.8894081,83.1,1.562588886,,Burundi,Sub-Saharan Africa,1.562588886
BDI,2022,10.3,0.0,0.4056,0.0,10.8894081,83.0,1.562588886,,Burundi,Sub-Saharan Africa,1.562588886
TCD,2021,11.3,0.0,0.8917,0.0,3.336509927,69.9,4.79612916,,Chad,Sub-Saharan Africa,1.562588886
TCD,2022,11.7,0.0,1.0252,0.0,3.249241105,70.0,4.932654635,,Chad,Sub-Saharan Africa,1.562588886
MWI,2022,14.0,0.0,0.7656,0.0,22.88608401,62.9,1.562588886,,Malawi,Sub-Saharan Africa,1.562588886
MWI,2021,14.2,0.0,0.8187,0.0,23.33156555,71.1,1.562588886,,Malawi,Sub-Saharan Africa,1.562588886
CAF,2021,15.7,0.0,0.1702,0.0,35.7523516,90.9,2.469982982,,Central African Republic,Sub-Saharan Africa,1.562588886
CAF,2022,15.7,0.0,0.1957,0.0,35.70419596,90.9,2.554766647,,Central African Republic,Sub-Saharan Africa,1.562588886
NER,2021,18.6,0.0,1.2529,0.0,0.842567301,79.6,1.562588886,,Niger,Sub-Saharan Africa,1.562588886
BFA,2021,19.0,0.0,2.6805,0.0,22.5380117,71.2,1.562588886,,Burkina Faso,Sub-Saharan Africa,1.562588886
BFA,2022,19.5,0.0,2.8069,0.0,22.35526316,71.4,1.562588886,,Burkina Faso,Sub-Saharan Africa,1.562588886
NER,2022,19.5,0.0,1.306,0.0,0.832762296,0.0,1.562588886,,Niger,Sub-Saharan Africa,1.562588886
COD,2021,20.8,0.0,2.2757,0.0,55.16149326,96.3,1.562588886,,"Congo, Dem. Rep.",Sub-Saharan Africa,1.562588886
COD,2022,21.5,0.0,2.6906,0.0,54.67567592,0.0,1.562588886,,"Congo, Dem. Rep.",Sub-Saharan Africa,1.562588886
SLE,2021,27.5,0.0,0.5173,0.0,34.84552508,71.1,1.562588886,,Sierra Leone,Sub-Saharan Africa,1.562588886
SLE,2022,29.4,0.0,0.5417,0.0,34.57218066,71.6,1.562588886,,Sierra Leone,Sub-Saharan Africa,1.562588886
LBR,2021,29.8,0.0,0.7967,0.0,78.77055648,93.2,1.562588886,,Liberia,Sub-Saharan Africa,1.562588886
MOZ,2021,31.5,0.0,4.1683,0.0,46.41217312,76.9,1.562588886,,Mozambique,Sub-Saharan Africa,1.562588886
LBR,2022,31.8,0.0,0.8343,0.0,78.45639535,92.8,1.562588886,,Liberia,Sub-Saharan Africa,1.562588886
MOZ,2022,33.2,0.0,3.9207,0.0,46.11933111,0.0,1.562588886,,Mozambique,Sub-Saharan Africa,1.562588886
MDG,2021,35.1,0.0,1.417,0.0,21.34169251,83.6,1.562588886,,Madagascar,Sub-Saharan Africa,1.562588886
GNB,2021,35.8,0.0,0.1924,0.0,70.11273115,87.4,1.562588886,,Guinea-Bissau,Sub-Saharan Africa,1.562588886
MDG,2022,36.1,0.0,1.3602,0.0,21.3189737,83.1,1.562588886,,Madagascar,Sub-Saharan Africa,1.562588886
GNB,2022,37.4,0.0,0.2015,0.0,69.8125889,87.4,1.562588886,,Guinea-Bissau,Sub-Saharan Africa,1.562588886
TZA,2021,42.7,0.1378,9.5245,0.0,51.11311809,78.3,1.562588886,,Tanzania,Sub-Saharan Africa,1.562588886
UGA,2021,45.2,0.0,3.7665,0.0,11.45343756,91.0,1.562588886,,Uganda,Sub-Saharan Africa,1.562588886
TZA,2022,45.8,0.1299,8.8762,0.0,50.58365319,0.0,1.562588886,,Tanzania,Sub-Saharan Africa,1.562588886
ZMB,2021,46.7,0.2014,2.5174,0.0,60.03015012,83.0,1.562588886,,Zambia,Sub-Saharan Africa,1.562588886
GIN,2021,46.8,0.0,1.725,0.0,25.02441804,66.8,1.562588886,,Guinea,Sub-Saharan Africa,1.562588886
UGA,2022,47.1,0.0,3.5522,0.0,11.24771145,90.9,1.562588886,,Uganda,Sub-Saharan Africa,1.562588886
HTI,2021,47.2,0.0,1.395,0.0,12.48875181,76.7,3.523066439,,Haiti,Latin America and the Caribbean,3.523066439
GIN,2022,47.7,0.0,1.8064,0.0,24.86163112,66.6,1.562588886,,Guinea,Sub-Saharan Africa,1.562588886
MRT,2021,47.7,0.0,2.3888,0.0,0.298211604,22.1,3.407566917,,Mauritania,Sub-Saharan Africa,1.562588886
ZMB,2022,47.8,0.2146,2.3576,0.0,59.77696915,0.0,1.562588886,,Zambia,Sub-Saharan Africa,1.562588886
AGO,2021,48.2,0.0,7.09,0.0,52.98172239,52.9,1.562588886,,Angola,Sub-Saharan Africa,1.562588886
AGO,2022,48.5,0.0,8.1334,0.0,52.53649723,0.0,1.562588886,,Angola,Sub-Saharan Africa,1.562588886
RWA,2021,48.7,0.0,0.6431,0.0,11.2282124,79.4,1.562588886,,Rwanda,Sub-Saharan Africa,1.562588886
SOM,2022,48.9,0.0,0.4784,0.0,9.287627124,95.4,1.562588886,,Somalia,Sub-Saharan Africa,1.562588886
MRT,2022,49.0,0.0,2.5015,0.0,0.292896963,19.6,3.37157996,,Mauritania,Sub-Saharan Africa,1.562588886
ZWE,2021,49.0,0.1004,1.5847,0.0,44.97482228,82.4,1.562588886,,Zimbabwe,Sub-Saharan Africa,1.562588886
HTI,2022,49.3,0.0,1.3855,0.0,12.37590711,0.0,3.523066439,,Haiti,Latin America and the Caribbean,3.523066439
SOM,2021,49.3,0.0,0.5115,0.0,9.409969076,95.4,1.562588886,,Somalia,Sub-Saharan Africa,1.562588886
COG,2021,49.7,0.0,1.2073,0.0,64.21961933,71.4,3.925641821,,"Congo, Rep.",Sub-Saharan Africa,1.562588886
LSO,2022,50.0,0.0,0.4841,0.0,1.137022398,34.9,1.562588886,,Lesotho,Sub-Saharan Africa,1.562588886
ZWE,2022,50.1,0.097,1.4742,0.0,44.8557322,0.0,1.562588886,,Zimbabwe,Sub-Saharan Africa,1.562588886
LSO,2021,50.4,0.0,0.4475,0.0,1.137022398,33.6,1.562588886,,Lesotho,Sub-Saharan Africa,1.562588886
COG,2022,50.6,0.0,1.3932,0.0,64.17569546,0.0,3.931498115,,"Congo, Rep.",Sub-Saharan Africa,1.562588886
RWA,2022,50.6,0.0,0.5961,0.0,11.26874747,79.9,1.562588886,,Rwanda,Sub-Saharan Africa,1.562588886
ERI,2021,52.5,0.0,0.2251,0.0,8.692108346,80.7,1.562588886,,Eritrea,Sub-Saharan Africa,1.562588886
NAM,2021,55.2,0.0,1.9174,0.0,7.977614206,30.0,4.320865539,,Namibia,Sub-Saharan Africa,1.562588886
ERI,2022,55.4,0.0,0.2098,0.0,8.666001453,0.0,1.562588886,,Eritrea,Sub-Saharan Africa,1.562588886
NAM,2022,56.2,0.0,2.0906,0.0,7.891362703,0.0,4.422074277,,Namibia,Sub-Saharan Africa,1.562588886
NGA,2021,59.5,1.2701,57.2135,0.0,23.5664877,80.3,1.562588886,,Nigeria,Sub-Saharan Africa,1.562588886
NGA,2022,60.5,1.4606,59.6821,0.0,23.38718886,0.0,1.562588886,,Nigeria,Sub-Saharan Africa,1.562588886
SDN,2021,61.8,0.1375,12.9306,0.0,9.73629015,61.0,2.876537305,,Sudan,Sub-Saharan Africa,1.562588886
SDN,2022,63.2,0.104,12.0293,0.0,9.644127409,0.0,2.788968573,,Sudan,Sub-Saharan Africa,1.562588886
GMB,2021,63.7,0.0,0.3382,0.0,23.41238142,48.6,1.562588886,,"Gambia, The",Sub-Saharan Africa,1.562588886
DJI,2022,65.0,0.0,0.3465,0.0,0.257308024,26.9,5.673357126,,Djibouti,Middle East and North Africa,5.673357126
CMR,2021,65.4,0.0733,3.5594,0.0,42.91104483,79.2,1.562588886,,Cameroon,Sub-Saharan Africa,1.562588886
DJI,2021,65.4,0.0,0.3706,0.0,0.253377912,26.6,5.673357126,,Djibouti,Middle East and North Africa,5.673357126
GMB,2022,65.4,0.0,0.3542,0.0,22.8459585,47.7,1.562588886,,"Gambia, The",Sub-Saharan Africa,1.562588886
GNQ,2021,66.8,0.0,0.441,0.0,86.98966132,5.2,4.903723364,,Equatorial Guinea,Sub-Saharan Africa,1.562588886
GNQ,2022,67.0,0.0,0.5069,0.0,86.6916221,4.2,4.533848615,,Equatorial Guinea,Sub-Saharan Africa,1.562588886
SEN,2022,67.9,0.0071,3.5414,0.0,41.49046902,0.0,1.562588886,,Senegal,Sub-Saharan Africa,1.562588886
SEN,2021,68.0,0.0089,3.2821,0.0,41.69822885,35.4,1.562588886,,Senegal,Sub-Saharan Africa,1.562588886
LBY,2022,70.0,0.0271,18.6104,0.0,0.123327688,0.0,12.32026612,,Libya,Middle East and North Africa,5.673357126
VUT,2021,70.0,0.0,0.1327,0.0,36.28383921,24.6,2.104829534,,Vanuatu,East Asia and Pacific,3.598782713
VUT,2022,70.0,0.0,0.141,0.0,36.28383921,25.0,2.104163605,,Vanuatu,East Asia and Pacific,3.598782713
LBY,2021,70.2,0.0268,16.8554,0.0,0.123327688,3.1,12.62846391,,Libya,Middle East and North Africa,5.673357126
CIV,2022,70.4,0.1288,5.3239,0.0,8.210499686,0.0,1.562588886,,Cote d'Ivoire,Sub-Saharan Africa,1.562588886
CMR,2022,71.0,0.0744,4.0806,0.0,42.79257896,0.0,1.562588886,,Cameroon,Sub-Saharan Africa,1.562588886
CIV,2021,71.1,0.1221,5.0343,0.0,8.565492767,58.2,1.562588886,,Cote d'Ivoire,Sub-Saharan Africa,1.562588886
BWA,2021,73.7,0.0,2.1557,0.0,26.70830907,27.4,4.808612829,,Botswana,Sub-Saharan Africa,1.562588886
YEM,2021,74.9,0.0,2.67,0.0,1.039831809,3.7,5.673357126,,"Yemen, Rep.",Middle East and North Africa,5.673357126
BWA,2022,75.9,0.0,2.3214,0.0,26.4995677,0.0,5.079200227,,Botswana,Sub-Saharan Africa,1.562588886
SLB,2022,76.0,0.0,0.2055,0.0,90.08610218,50.1,3.598782713,,Solomon Islands,East Asia and Pacific,3.598782713
YEM,2022,76.0,0.0,2.6455,0.0,1.039831809,0.0,5.673357126,,"Yemen, Rep.",Middle East and North Africa,5.673357126
SLB,2021,76.3,0.0,0.1933,0.0,90.11218292,49.1,3.598782713,,Solomon Islands,East Asia and Pacific,3.598782713
STP,2022,78.0,0.0,0.1167,0.0,52.77083333,42.5,1.562588886,,Sao Tome and Principe,Sub-Saharan Africa,1.562588886
STP,2021,78.5,0.0,0.1015,0.0,53.41666667,40.8,1.562588886,,Sao Tome and Principe,Sub-Saharan Africa,1.562588886
SWZ,2022,82.3,0.0,0.8269,0.0,29.06860465,64.7,2.661542993,,Eswatini,Sub-Saharan Africa,1.562588886
SWZ,2021,82.9,0.0,0.7681,0.0,28.99825581,65.4,2.598390675,,Eswatini,Sub-Saharan Africa,1.562588886
FSM,2021,83.6,0.0,0.0,0.0,92.07142857,2.1,3.598782713,,"Micronesia, Fed. Sts.",East Asia and Pacific,3.598782713
GHA,2022,85.1,0.0,9.3202,0.0,35.1604431,0.0,1.562588886,,Ghana,Sub-Saharan Africa,1.562588886
AFG,2022,85.3,0.0236,2.2472,0.0,1.852781994,20.0,2.0324088849999997,,Afghanistan,South Asia,2.0916889505
FSM,2022,85.3,0.0,0.0,0.0,92.11428571,2.0,3.598782713,,"Micronesia, Fed. Sts.",East Asia and Pacific,3.598782713
GHA,2021,86.3,0.0,10.0499,0.0,35.12867716,39.0,1.562588886,,Ghana,Sub-Saharan Africa,1.562588886
NIC,2021,86.3,0.1377,2.4247,0.0,27.48487618,50.4,2.972967645,,Nicaragua,Latin America and the Caribbean,3.523066439
NIC,2022,86.5,0.1367,2.5514,0.0,26.65389729,0.0,3.003511992,,Nicaragua,Latin America and the Caribbean,3.523066439
ZAF,2022,86.5,1.42,48.1228,0.0,13.99507868,0.0,8.54505429,,South Africa,Sub-Saharan Africa,1.562588886
COM,2021,87.9,0.0,0.193,0.0,17.45298227,41.2,1.562588886,,Comoros,Sub-Saharan Africa,1.562588886
SYR,2021,88.8,0.0382,4.8658,0.0,2.843108425,1.1,5.673357126,,Syrian Arab Republic,Middle East and North Africa,5.673357126
SYR,2022,89.0,0.0392,4.9323,0.0,2.819315371,0.0,5.673357126,,Syrian Arab Republic,Middle East and North Africa,5.673357126
ZAF,2021,89.3,1.3946,48.2214,0.0,14.0250847,9.7,8.958716755,,South Africa,Sub-Saharan Africa,1.562588886
COM,2022,89.9,0.0,0.1805,0.0,17.21655024,39.3,1.562588886,,Comoros,Sub-Saharan Africa,1.562588886
NPL,2021,89.9,0.236,4.3764,0.0,41.59072201,73.7,2.0324088849999997,,Nepal,South Asia,2.0916889505
NPL,2022,91.3,0.2467,4.6119,0.0,41.59072201,0.0,2.0324088849999997,,Nepal,South Asia,2.0916889505
FJI,2022,92.0,0.0,1.0664,0.0,63.12972085,28.4,3.598782713,,Fiji,East Asia and Pacific,3.598782713
FJI,2021,92.1,0.0,1.0032,0.0,62.76409414,29.7,3.426488828,,Fiji,East Asia and Pacific,3.598782713
KIR,2021,92.8,0.0,0.045,0.0,1.456790123,42.2,3.598782713,,Kiribati,East Asia and Pacific,3.598782713
GRD,2021,93.7,0.0,0.0459,0.0,52.05882353,10.2,3.523066439,,Grenada,Latin America and the Caribbean,3.523066439
GRD,2022,94.2,0.0,0.047,0.0,52.05882353,10.0,3.523066439,,Grenada,Latin America and the Caribbean,3.523066439
KIR,2022,94.4,0.0,0.0478,0.0,1.456790123,41.9,3.598782713,,Kiribati,East Asia and Pacific,3.598782713
PAK,2021,94.9,5.5871,55.8824,0.0,4.779680365,41.6,2.301046684,,Pakistan,South Asia,2.0916889505
PAK,2022,95.0,5.6027,54.0555,0.0,4.726053342,0.0,2.199633701,,Pakistan,South Asia,2.0916889505
PAN,2022,95.0,0.0,5.2779,0.0,56.49785791,0.0,4.193649616,,Panama,Latin America and the Caribbean,3.523066439
PAN,2021,95.3,0.0,4.9198,0.0,56.65170262,28.0,3.964877842,,Panama,Latin America and the Caribbean,3.523066439
CPV,2021,95.5,0.0,0.565,0.0,11.41935484,22.6,2.347628661,,Cabo Verde,Sub-Saharan Africa,1.562588886
CPV,2022,97.1,0.0,0.5917,0.0,11.49379653,21.8,2.425631228,,Cabo Verde,Sub-Saharan Africa,1.562588886
AFG,2021,97.7,0.0467,2.1142,0.0,1.852781994,20.0,2.0324088849999997,,Afghanistan,South Asia,2.0916889505
BLZ,2021,97.7,0.0,0.0818,0.0,55.49715037,26.6,2.195798111,,Belize,Latin America and the Caribbean,3.523066439
GTM,2021,97.9,0.4347,10.262,0.0,32.81261665,62.1,2.400320479,,Guatemala,Latin America and the Caribbean,3.523066439
SLV,2021,97.9,0.1865,3.9277,0.0,27.96235521,21.9,3.523066439,,El Salvador,Latin America and the Caribbean,3.523066439
WSM,2021,98.3,0.0,0.2166,0.0,57.98201439,36.0,2.886625908,,Samoa,East Asia and Pacific,3.598782713
WSM,2022,98.3,0.0,0.2303,0.0,57.80935252,35.9,2.953159188,,Samoa,East Asia and Pacific,3.598782713
BLZ,2022,98.6,0.0,0.0882,0.0,55.00789128,30.8,2.213377101,,Belize,Latin America and the Caribbean,3.523066439
BGD,2021,99.0,2.5674,11.6004,0.0,14.46877161,25.0,2.0324088849999997,,Bangladesh,South Asia,2.0916889505
GTM,2022,99.1,0.439,10.8358,0.0,32.7043673,0.0,2.370623688,,Guatemala,Latin America and the Caribbean,3.523066439
IND,2022,99.2,29.9048,323.609,0.0,24.44942974,0.0,2.734071514,,India,South Asia,2.0916889505
BGD,2022,99.4,2.6875,13.26,0.0,14.46877161,0.0,2.0324088849999997,,Bangladesh,South Asia,2.0916889505
IND,2021,99.6,29.2446,295.0934,0.0,24.35982901,34.9,2.602073018,,India,South Asia,2.0916889505
TJK,2021,99.6,0.0361,1.854,0.0,3.060739246,34.9,2.124590696,,Tajikistan,Europe and Central Asia,6.5015912305
KGZ,2021,99.7,0.1282,1.6261,0.0,6.953180396,27.6,3.122142846,,Kyrgyz Republic,Europe and Central Asia,6.5015912305
KGZ,2022,99.7,0.1282,1.7047,0.0,7.048279458,0.0,3.071415889,,Kyrgyz Republic,Europe and Central Asia,6.5015912305
TUV,2021,99.7,0.0,0.0,0.0,33.33333333,5.0,3.598782713,,Tuvalu,East Asia and Pacific,3.598782713
MHL,2021,99.8,0.0,0.0,0.0,52.22222222,12.1,3.598782713,,Marshall Islands,East Asia and Pacific,3.598782713
MNE,2021,99.8,0.0,0.0,0.0,61.48698885,39.6,6.494899588,,Montenegro,Europe and Central Asia,6.5015912305
ABW,2022,99.9,0.0,0.1749,0.0,2.333333333,8.8,4.972509552,,Aruba,Latin America and the Caribbean,3.523066439
TCA,2022,99.9,0.0,0.034,0.0,11.07368421,0.8,2.29676969,,Turks and Caicos Islands,Latin America and the Caribbean,3.523066439
TUN,2021,99.9,0.1979,7.9724,0.0,4.533084449,11.6,3.576940168,,Tunisia,Middle East and North Africa,5.673357126
UZB,2021,99.9,1.7903,16.2792,0.0,8.431804617,1.0,6.141790302,,Uzbekistan,Europe and Central Asia,6.5015912305
ABW,2021,100.0,0.0,0.1706,0.0,2.333333333,8.8,4.932219127,,Aruba,Latin America and the Caribbean,3.523066439
AND,2021,100.0,0.0,0.0,0.0,34.04255319,18.4,6.494899588,,Andorra,Europe and Central Asia,6.5015912305
AND,2022,100.0,0.0,0.0,0.0,34.04255319,18.7,6.494899588,,Andorra,Europe and Central Asia,6.5015912305
ARE,2021,100.0,0.0,36.2537,0.0,4.467755562,1.0,5.673357126,,United Arab Emirates,Middle East and North Africa,5.673357126
ARE,2022,100.0,0.0,42.0724,0.0,4.467755562,0.0,5.673357126,,United Arab Emirates,Middle East and North Africa,5.673357126
ARM,2021,100.0,0.0446,2.3661,0.0,11.53003161,9.1,3.602403538,,Armenia,Europe and Central Asia,6.5015912305
ARM,2022,100.0,0.0449,2.3845,0.0,11.52265543,0.0,3.490670888,,Armenia,Europe and Central Asia,6.5015912305
ATG,2021,100.0,0.0,0.104,0.0,18.30295455,0.9,4.017368894,,Antigua and Barbuda,Latin America and the Caribbean,3.523066439
ATG,2022,100.0,0.0,0.1066,0.0,18.16159091,0.9,4.010124946,,Antigua and Barbuda,Latin America and the Caribbean,3.523066439
BHR,2021,100.0,0.0,3.5027,0.0,0.911392405,0.0,5.673357126,,Bahrain,Middle East and North Africa,5.673357126
BHR,2022,100.0,0.0,3.5086,0.0,0.936708861,0.0,5.673357126,,Bahrain,Middle East and North Africa,5.673357126
BMU,2021,100.0,0.0,0.1128,0.0,18.51851852,0.9,5.562430392,,Bermuda,North America,18.06254835
BMU,2022,100.0,0.0,0.1157,0.0,18.51851852,0.9,5.56919798,,Bermuda,North America,18.06254835
BRB,2021,100.0,0.0,0.2268,0.0,14.65116279,5.5,3.364912616,,Barbados,Latin America and the Caribbean,3.523066439
BRB,2022,100.0,0.0,0.2326,0.0,14.65116279,5.5,3.371375541,,Barbados,Latin America and the Caribbean,3.523066439
BTN,2021,100.0,0.0,0.3861,0.0,71.50131096,81.8,4.109914088,,Bhutan,South Asia,2.0916889505
BTN,2022,100.0,0.0,0.4104,0.0,71.55322496,82.5,4.120300059,,Bhutan,South Asia,2.0916889505
CHI,2021,100.0,0.0,0.0,0.0,5.151515152,0.0,6.494899588,,Channel Islands,Europe and Central Asia,6.5015912305
CHI,2022,100.0,0.0,0.0,0.0,0.0,0.0,6.494899588,,Channel Islands,Europe and Central Asia,6.5015912305
CRI,2021,100.0,0.144,5.6899,0.0,59.75793184,34.2,3.100086403,,Costa Rica,Latin America and the Caribbean,3.523066439
CRI,2022,100.0,0.1445,5.7069,0.0,60.07853506,0.0,3.134166968,,Costa Rica,Latin America and the Caribbean,3.523066439
CUW,2021,100.0,0.0,0.0,0.0,0.157657658,2.8,3.523066439,,Curacao,Latin America and the Caribbean,3.523066439
CUW,2022,100.0,0.0,0.0,0.0,0.157657658,0.0,3.523066439,,Curacao,Latin America and the Caribbean,3.523066439
CYM,2021,100.0,0.0,0.1152,0.0,52.75,0.0,5.266160781,,Cayman Islands,Latin America and the Caribbean,3.523066439
CYM,2022,100.0,0.0,0.1181,0.0,52.66666667,0.0,5.182215642,,Cayman Islands,Latin America and the Caribbean,3.523066439
CYP,2021,100.0,0.0035,1.9044,0.0,18.66991342,15.6,7.298515382,,Cyprus,Europe and Central Asia,6.5015912305
CYP,2022,100.0,0.0036,1.8804,0.0,18.66774892,0.0,7.568444535,,Cyprus,Europe and Central Asia,6.5015912305
FIN,2021,100.0,0.0,9.8709,0.0,73.72649966,50.2,9.465464553,,Finland,Europe and Central Asia,6.5015912305
FIN,2022,100.0,0.0,9.661,0.0,73.72649966,0.0,8.678812103,,Finland,Europe and Central Asia,6.5015912305
GEO,2021,100.0,0.0841,4.1656,0.0,40.61591596,25.2,4.901108502,,Georgia,Europe and Central Asia,6.5015912305
GEO,2022,100.0,0.0853,4.3488,0.0,40.61591596,0.0,5.043741391,,Georgia,Europe and Central Asia,6.5015912305
GUM,2021,100.0,0.0,0.0,0.0,51.85185185,4.5,3.598782713,,Guam,East Asia and Pacific,3.598782713
GUM,2022,100.0,0.0,0.0,0.0,51.85185185,6.7,3.598782713,,Guam,East Asia and Pacific,3.598782713
HRV,2021,100.0,0.0717,6.1622,0.0,34.69639028,34.1,6.540042346,,Croatia,Europe and Central Asia,6.5015912305
HRV,2022,100.0,0.0662,6.7436,0.0,34.74106505,0.0,6.481516303,,Croatia,Europe and Central Asia,6.5015912305
IMN,2021,100.0,0.0,0.0,0.0,6.070175439,3.2,6.494899588,,Isle of Man,Europe and Central Asia,6.5015912305
IMN,2022,100.0,0.0,0.0,0.0,6.070175439,2.7,6.494899588,,Isle of Man,Europe and Central Asia,6.5015912305
IRN,2021,100.0,1.6055,134.1631,0.0,6.635211094,0.9,10.53218993,,"Iran, Islamic Rep.",Middle East and North Africa,5.673357126
IRN,2022,100.0,1.6511,140.3506,0.0,6.641489492,0.0,10.72887338,,"Iran, Islamic Rep.",Middle East and North Africa,5.673357126
IRQ,2021,100.0,0.1148,33.4508,0.0,1.900361184,1.1,7.796177358,,Iraq,Middle East and North Africa,5.673357126
IRQ,2022,100.0,0.0643,37.7251,0.0,1.900361184,0.0,8.288891146,,Iraq,Middle East and North Africa,5.673357126
ISR,2021,100.0,0.0717,17.345,0.0,6.469500924,6.2,8.370755704,,Israel,Middle East and North Africa,5.673357126
ISR,2022,100.0,0.0718,18.6766,0.0,0.0,0.0,8.447481036,,Israel,Middle East and North Africa,5.673357126
KAZ,2021,100.0,0.4605,22.6479,0.0,1.290483832,2.0,16.37052264,,Kazakhstan,Europe and Central Asia,6.5015912305
KAZ,2022,100.0,0.4601,22.2068,0.0,1.301314553,0.0,16.01813642,,Kazakhstan,Europe and Central Asia,6.5015912305
KNA,2021,100.0,0.0,0.0382,0.0,42.30769231,1.6,3.38515493,,St. Kitts and Nevis,Latin America and the Caribbean,3.523066439
KNA,2022,100.0,0.0,0.0392,0.0,42.30769231,1.5,3.54321437,,St. Kitts and Nevis,Latin America and the Caribbean,3.523066439
LBN,2021,100.0,0.0054,7.1305,0.0,14.06940371,6.8,4.148127654,,Lebanon,Middle East and North Africa,5.673357126
LBN,2022,100.0,0.0053,7.0651,0.0,14.12805474,0.0,4.172207484,,Lebanon,Middle East and North Africa,5.673357126
LCA,2021,100.0,0.0,0.0953,0.0,34.04918033,9.7,2.390181602,,St. Lucia,Latin America and the Caribbean,3.523066439
LCA,2022,100.0,0.0,0.0978,0.0,34.04918033,9.7,2.416364155,,St. Lucia,Latin America and the Caribbean,3.523066439
LIE,2021,100.0,0.0,0.0,0.0,41.875,53.6,6.494899588,,Liechtenstein,Europe and Central Asia,6.5015912305
LIE,2022,100.0,0.0,0.0,0.0,41.875,56.9,6.494899588,,Liechtenstein,Europe and Central Asia,6.5015912305
LKA,2021,100.0,0.183,10.1949,0.0,34.10701584,48.8,2.0324088849999997,,Sri Lanka,South Asia,2.0916889505
LKA,2022,100.0,0.1583,8.5955,0.0,34.05593275,0.0,2.0324088849999997,,Sri Lanka,South Asia,2.0916889505
LUX,2021,100.0,0.0,4.9882,0.0,34.45382721,20.5,14.38621763,,Luxembourg,Europe and Central Asia,6.5015912305
LUX,2022,100.0,0.0,4.3269,0.0,34.45382721,0.0,12.44244782,,Luxembourg,Europe and Central Asia,6.5015912305
LVA,2021,100.0,0.2113,3.1257,0.0,54.87160534,44.0,6.295867848,,Latvia,Europe and Central Asia,6.5015912305
LVA,2022,100.0,0.2103,3.0689,0.0,54.93379399,0.0,5.897414205,,Latvia,Europe and Central Asia,6.5015912305
MAF,2021,100.0,0.0,0.0,0.0,24.8,0.0,3.523066439,,St. Martin (French part),Latin America and the Caribbean,3.523066439
MAF,2022,100.0,0.0,0.0,0.0,24.8,0.0,3.523066439,,St. Martin (French part),Latin America and the Caribbean,3.523066439
MAR,2021,100.0,0.2535,18.6408,0.0,12.89033542,10.9,2.957243949,,Morocco,Middle East and North Africa,5.673357126
MAR,2022,100.0,0.2054,17.5324,0.0,12.91368788,0.0,2.851694862,,Morocco,Middle East and North Africa,5.673357126
MCO,2021,100.0,0.0,0.0,0.0,0.0,0.0,6.494899588,,Monaco,Europe and Central Asia,6.5015912305
MCO,2022,100.0,0.0,0.0,0.0,0.0,0.0,6.494899588,,Monaco,Europe and Central Asia,6.5015912305
MHL,2022,100.0,0.0,0.0,0.0,52.22222222,12.2,3.598782713,,Marshall Islands,East Asia and Pacific,3.598782713
MNE,2022,100.0,0.0,0.0,0.0,61.48698885,0.0,6.494899588,,Montenegro,Europe and Central Asia,6.5015912305
MNP,2021,100.0,0.0,0.0,0.0,52.95652174,0.5,3.598782713,,Northern Mariana Islands,East Asia and Pacific,3.598782713
MNP,2022,100.0,0.0,0.0,0.0,52.95652174,0.5,3.598782713,,Northern Mariana Islands,East Asia and Pacific,3.598782713
NCL,2021,100.0,0.0,1.6815,0.0,45.8380744,8.3,3.598782713,,New Caledonia,East Asia and Pacific,3.598782713
NCL,2022,100.0,0.0,1.7875,0.0,45.83260394,9.6,3.598782713,,New Caledonia,East Asia and Pacific,3.598782713
NLD,2021,100.0,0.1373,25.1017,0.0,11.00198099,12.2,9.965057979,,Netherlands,Europe and Central Asia,6.5015912305
NLD,2022,100.0,0.1587,24.9398,0.0,11.02966736,0.0,9.104924235,,Netherlands,Europe and Central Asia,6.5015912305
NRU,2021,100.0,0.0,0.0,0.0,0.0,1.6,3.598782713,,Nauru,East Asia and Pacific,3.598782713
NRU,2022,100.0,0.0,0.0,0.0,0.0,1.9,3.598782713,,Nauru,East Asia and Pacific,3.598782713
OMN,2021,100.0,0.0,10.405,0.0,0.007862036,0.1,5.673357126,,Oman,Middle East and North Africa,5.673357126
OMN,2022,100.0,0.0,11.896,0.0,0.007790307,0.0,5.673357126,,Oman,Middle East and North Africa,5.673357126
PLW,2021,100.0,0.0,0.6937,0.0,90.19565217,0.9,3.598782713,,Palau,East Asia and Pacific,3.598782713
PLW,2022,100.0,0.0,0.7319,0.0,90.36956522,0.9,3.598782713,,Palau,East Asia and Pacific,3.598782713
PRI,2021,100.0,0.0,1.9783,0.0,56.01127396,2.6,4.562641965,,Puerto Rico,Latin America and the Caribbean,3.523066439
PRI,2022,100.0,0.0,2.0532,0.0,56.06651635,2.5,4.619775766,,Puerto Rico,Latin America and the Caribbean,3.523066439
PSE,2021,100.0,0.0,0.0,0.0,1.682987552,15.4,5.673357126,,West Bank and Gaza,Middle East and North Africa,5.673357126
PSE,2022,100.0,0.0,0.0,0.0,0.0,15.4,5.673357126,,West Bank and Gaza,Middle East and North Africa,5.673357126
PYF,2021,100.0,0.0,0.5824,0.0,43.05963699,7.4,4.525147252,,French Polynesia,East Asia and Pacific,3.598782713
PYF,2022,100.0,0.0,0.6191,0.0,43.05963699,7.0,4.749659388,,French Polynesia,East Asia and Pacific,3.598782713
QAT,2021,100.0,0.0018,12.1829,0.0,0.0,0.0,5.673357126,,Qatar,Middle East and North Africa,5.673357126
QAT,2022,100.0,0.0018,14.0773,0.0,0.0,0.0,5.673357126,,Qatar,Middle East and North Africa,5.673357126
RUS,2021,100.0,5.9312,253.5253,0.0,49.78433608,3.5,17.60284904,,Russian Federation,Europe and Central Asia,6.5015912305
RUS,2022,100.0,5.9681,257.8949,0.0,49.78433608,0.0,18.17508141,,Russian Federation,Europe and Central Asia,6.5015912305
SAU,2021,100.0,0.289,128.2202,0.0,0.454484135,0.1,5.673357126,,Saudi Arabia,Middle East and North Africa,5.673357126
SAU,2022,100.0,0.2834,139.0687,0.0,0.454484135,0.0,5.673357126,,Saudi Arabia,Middle East and North Africa,5.673357126
SLV,2022,100.0,0.1885,4.1464,0.0,27.74517375,0.0,3.523066439,,El Salvador,Latin America and the Caribbean,3.523066439
SMR,2021,100.0,0.0,0.0,0.0,16.66666667,0.0,6.494899588,,San Marino,Europe and Central Asia,6.5015912305
SMR,2022,100.0,0.0,0.0,0.0,16.66666667,0.0,6.494899588,,San Marino,Europe and Central Asia,6.5015912305
SRB,2021,100.0,0.0,0.0,0.0,32.38125818,27.2,6.494899588,,Serbia,Europe and Central Asia,6.5015912305
SRB,2022,100.0,0.0,0.0,0.0,32.38581639,0.0,6.494899588,,Serbia,Europe and Central Asia,6.5015912305
SVK,2021,100.0,0.129,7.251,0.0,40.05615641,17.9,8.588283219,,Slovak Republic,Europe and Central Asia,6.5015912305
SVK,2022,100.0,0.1302,7.5374,0.0,40.05615641,0.0,8.374204124,,Slovak Republic,Europe and Central Asia,6.5015912305
SXM,2021,100.0,0.0,0.0,0.0,10.88235294,0.0,3.523066439,,Sint Maarten (Dutch part),Latin America and the Caribbean,3.523066439
SXM,2022,100.0,0.0,0.0,0.0,10.88235294,0.0,3.523066439,,Sint Maarten (Dutch part),Latin America and the Caribbean,3.523066439
SYC,2021,100.0,0.0,0.6519,0.0,73.26086957,1.7,12.50579298,,Seychelles,Sub-Saharan Africa,1.562588886
SYC,2022,100.0,0.0,0.6857,0.0,73.26086957,1.9,10.8593737,,Seychelles,Sub-Saharan Africa,1.562588886
TCA,2021,100.0,0.0,0.0332,0.0,11.07368421,0.8,2.327431868,,Turks and Caicos Islands,Latin America and the Caribbean,3.523066439
TJK,2022,100.0,0.0394,1.9502,0.0,3.067944376,0.0,2.081736187,,Tajikistan,Europe and Central Asia,6.5015912305
TKM,2021,100.0,0.8748,11.862,0.0,8.782159045,0.1,13.86631469,,Turkmenistan,Europe and Central Asia,6.5015912305
TKM,2022,100.0,0.864,12.1309,0.0,8.782159045,0.0,13.80557891,,Turkmenistan,Europe and Central Asia,6.5015912305
TON,2021,100.0,0.0,0.1017,0.0,12.43055556,1.8,3.055265902,,Tonga,East Asia and Pacific,3.598782713
TON,2022,100.0,0.0,0.1081,0.0,12.43055556,2.3,3.182536509,,Tonga,East Asia and Pacific,3.598782713
TTO,2021,100.0,0.0094,2.2216,0.0,44.39961014,0.5,3.523066439,,Trinidad and Tobago,Latin America and the Caribbean,3.523066439
TTO,2022,100.0,0.0094,2.4282,0.0,44.31773879,0.0,3.523066439,,Trinidad and Tobago,Latin America and the Caribbean,3.523066439
TUN,2022,100.0,0.1651,8.1178,0.0,4.542932544,0.0,3.501520793,,Tunisia,Middle East and North Africa,5.673357126
TUV,2022,100.0,0.0,0.0,0.0,33.33333333,5.2,3.598782713,,Tuvalu,East Asia and Pacific,3.598782713
UZB,2022,100.0,1.8357,16.6121,0.0,8.49046413,0.0,6.190777601,,Uzbekistan,Europe and Central Asia,6.5015912305
VCT,2021,100.0,0.0,0.0309,0.0,73.17948718,5.0,3.523066439,,St. Vincent and the Grenadines,Latin America and the Caribbean,3.523066439
VCT,2022,100.0,0.0,0.0317,0.0,73.17948718,5.1,3.523066439,,St. Vincent and the Grenadines,Latin America and the Caribbean,3.523066439
VGB,2021,100.0,0.0,0.0242,0.0,24.13333333,1.3,2.290459943,,British Virgin Islands,Latin America and the Caribbean,3.523066439
VGB,2022,100.0,0.0,0.0248,0.0,24.13333333,1.3,2.270414155,,British Virgin Islands,Latin America and the Caribbean,3.523066439
VIR,2021,100.0,0.0,0.0,0.0,57.31428571,5.9,3.523066439,,Virgin Islands (U.S.),Latin America and the Caribbean,3.523066439
VIR,2022,100.0,0.0,0.0,0.0,57.74285714,5.9,3.523066439,,Virgin Islands (U.S.),Latin America and the Caribbean,3.523066439
DMA,2023,0.0,0.0,0.0276,0.0001,0.0,0.0,2.208690422,,Dominica,Latin America and the Caribbean,3.523066439
EST,2023,0.0,0.071,2.3551,0.0001,0.0,0.0,10.48248322,,Estonia,Europe and Central Asia,6.5015912305
GUY,2023,0.0,0.0,1.0412,0.0001,0.0,0.0,9.912228793,,Guyana,Latin America and the Caribbean,3.523066439
MUS,2023,0.0,0.0169,1.1438,0.0001,0.0,0.0,4.915542001,,Mauritius,Sub-Saharan Africa,1.562588886
PRY,2023,0.0,0.097,7.1677,0.0001,0.0,0.0,6.081781423,,Paraguay,Latin America and the Caribbean,3.523066439
GUY,2021,92.9,0.0,1.0088,0.0001,93.50334417,13.2,9.022884625,,Guyana,Latin America and the Caribbean,3.523066439
GUY,2022,93.0,0.0,1.0311,0.0001,93.4565969,12.1,10.08377179,,Guyana,Latin America and the Caribbean,3.523066439
MUS,2021,99.6,0.0169,1.0321,0.0001,19.43415123,8.6,4.626741444,,Mauritius,Sub-Saharan Africa,1.562588886
DMA,2021,100.0,0.0,0.0253,0.0001,63.82666667,8.8,2.117496503,,Dominica,Latin America and the Caribbean,3.523066439
DMA,2022,100.0,0.0,0.0259,0.0001,63.82666667,8.9,2.133899979,,Dominica,Latin America and the Caribbean,3.523066439
EST,2021,100.0,0.071,2.3784,0.0001,57.03859649,38.0,11.48338157,,Estonia,Europe and Central Asia,6.5015912305
EST,2022,100.0,0.071,2.4602,0.0001,57.0652937,0.0,11.54199164,,Estonia,Europe and Central Asia,6.5015912305
MUS,2022,100.0,0.0169,1.1448,0.0001,19.45418127,0.0,4.73234943,,Mauritius,Sub-Saharan Africa,1.562588886
PRY,2021,100.0,0.08,7.8604,0.0001,39.82614322,58.8,6.498835609,,Paraguay,Latin America and the Caribbean,3.523066439
PRY,2022,100.0,0.0878,7.1014,0.0001,39.25029356,0.0,6.154444429,,Paraguay,Latin America and the Caribbean,3.523066439
JOR,2023,0.0,0.0146,7.8704,0.0002,0.0,0.0,2.920454405,,Jordan,Middle East and North Africa,5.673357126
SUR,2023,0.0,0.0,0.8383,0.0002,0.0,0.0,5.943366524,,Suriname,Latin America and the Caribbean,3.523066439
TGO,2023,0.0,0.0,1.3125,0.0002,0.0,0.0,1.562588886,,Togo,Sub-Saharan Africa,1.562588886
TLS,2023,0.0,0.0,0.3417,0.0002,0.0,0.0,3.598782713,,Timor-Leste,East Asia and Pacific,3.598782713
TGO,2021,55.7,0.0,1.265,0.0002,22.17889318,75.1,1.562588886,,Togo,Sub-Saharan Africa,1.562588886
TGO,2022,57.2,0.0,1.3336,0.0002,22.12447141,0.0,1.562588886,,Togo,Sub-Saharan Africa,1.562588886
SUR,2021,98.8,0.0,0.8134,0.0002,94.60014575,14.5,6.06283258,,Suriname,Latin America and the Caribbean,3.523066439
SUR,2022,99.0,0.0,0.8306,0.0002,94.52387398,0.0,5.870685726,,Suriname,Latin America and the Caribbean,3.523066439
TLS,2022,99.7,0.0,0.3279,0.0002,61.75521184,11.4,3.598782713,,Timor-Leste,East Asia and Pacific,3.598782713
JOR,2021,99.9,0.015,7.9317,0.0002,1.098047165,11.5,2.845733501,,Jordan,Middle East and North Africa,5.673357126
JOR,2022,100.0,0.0148,7.8684,0.0002,1.098047165,0.0,2.827172748,,Jordan,Middle East and North Africa,5.673357126
TLS,2021,100.0,0.0,0.3085,0.0002,61.84936113,12.1,3.598782713,,Timor-Leste,East Asia and Pacific,3.598782713
GAB,2023,0.0,0.0,0.213,0.0003,0.0,0.0,8.613246437,,Gabon,Sub-Saharan Africa,1.562588886
MLT,2023,0.0,0.0,0.7231,0.0003,0.0,0.0,3.679621961,,Malta,Middle East and North Africa,5.673357126
GAB,2021,91.8,0.0,0.1768,0.0003,91.27457601,91.3,7.921793125,,Gabon,Sub-Saharan Africa,1.562588886
GAB,2022,93.5,0.0,0.2031,0.0003,91.22847052,0.0,8.127501546,,Gabon,Sub-Saharan Africa,1.562588886
MLT,2021,100.0,0.0,0.6319,0.0003,1.4375,8.6,3.82982088,,Malta,Middle East and North Africa,5.673357126
MLT,2022,100.0,0.0,0.7397,0.0003,1.4375,0.0,3.974141645,,Malta,Middle East and North Africa,5.673357126
BEN,2023,0.0,0.0,4.2779,0.0004,0.0,0.0,1.562588886,,Benin,Sub-Saharan Africa,1.562588886
KWT,2023,0.0,0.0031,15.088,0.0004,0.0,0.0,5.673357126,,Kuwait,Middle East and North Africa,5.673357126
BEN,2021,42.0,0.0,4.239,0.0004,27.36032281,54.5,1.562588886,,Benin,Sub-Saharan Africa,1.562588886
BEN,2022,56.5,0.0,4.4149,0.0004,26.91690316,0.0,1.562588886,,Benin,Sub-Saharan Africa,1.562588886
EGY,2021,100.0,2.7983,55.1137,0.0004,0.045185594,6.1,2.994907721,,"Egypt, Arab Rep.",Middle East and North Africa,5.673357126
EGY,2022,100.0,2.7872,52.7676,0.0004,0.045185594,0.0,2.959945657,,"Egypt, Arab Rep.",Middle East and North Africa,5.673357126
KWT,2021,100.0,0.0031,16.0383,0.0004,0.350729517,0.1,5.673357126,,Kuwait,Middle East and North Africa,5.673357126
KWT,2022,100.0,0.0031,15.2447,0.0004,0.350729517,0.0,5.673357126,,Kuwait,Middle East and North Africa,5.673357126
CUB,2023,0.0,0.0223,1.2207,0.0005,0.0,0.0,3.575367214,,Cuba,Latin America and the Caribbean,3.523066439
DOM,2023,0.0,0.1869,8.3823,0.0005,0.0,0.0,4.271032405,,Dominican Republic,Latin America and the Caribbean,3.523066439
EGY,2023,0.0,2.7608,51.9232,0.0005,0.0,0.0,2.933301921,,"Egypt, Arab Rep.",Middle East and North Africa,5.673357126
DOM,2021,98.1,0.1804,8.0054,0.0005,44.65307911,14.8,4.154097155,,Dominican Republic,Latin America and the Caribbean,3.523066439
DOM,2022,98.1,0.1836,7.9774,0.0005,44.82092833,0.0,4.132623923,,Dominican Republic,Latin America and the Caribbean,3.523066439
CUB,2021,100.0,0.0317,1.1686,0.0005,31.23314066,20.9,3.492970076,,Cuba,Latin America and the Caribbean,3.523066439
CUB,2022,100.0,0.0258,1.1615,0.0005,31.23314066,0.0,3.457271456,,Cuba,Latin America and the Caribbean,3.523066439
GIB,2023,0.0,0.0,0.556,0.0006,0.0,0.0,18.51784461,,Gibraltar,Europe and Central Asia,6.5015912305
GIB,2021,100.0,0.0,0.5283,0.0006,0.0,0.0,18.16701937,,Gibraltar,Europe and Central Asia,6.5015912305
GIB,2022,100.0,0.0,0.5478,0.0006,0.0,0.0,18.57002313,,Gibraltar,Europe and Central Asia,6.5015912305
ISL,2023,0.0,0.0008,0.897,0.0007,0.0,0.0,10.60610298,,Iceland,Europe and Central Asia,6.5015912305
JAM,2023,0.0,0.0,2.4109,0.0007,0.0,0.0,2.874477161,,Jamaica,Latin America and the Caribbean,3.523066439
ISL,2022,100.0,0.0007,0.9504,0.0007,0.522265199,0.0,11.44258029,,Iceland,Europe and Central Asia,6.5015912305
JAM,2021,100.0,0.0,2.3095,0.0007,55.47306556,10.5,2.724864872,,Jamaica,Latin America and the Caribbean,3.523066439
JAM,2022,100.0,0.0,2.2955,0.0007,55.83204986,0.0,2.696622644,,Jamaica,Latin America and the Caribbean,3.523066439
AUT,2023,0.0,0.0399,21.1419,0.0008,0.0,0.0,7.985480566,,Austria,Europe and Central Asia,6.5015912305
AUT,2021,100.0,0.0449,22.334,0.0008,47.1720795,36.0,9.013625476,,Austria,Europe and Central Asia,6.5015912305
AUT,2022,100.0,0.042,21.1922,0.0008,47.20613185,0.0,8.339940572,,Austria,Europe and Central Asia,6.5015912305
ISL,2021,100.0,0.0006,0.8748,0.0008,0.515719528,82.4,11.70084828,,Iceland,Europe and Central Asia,6.5015912305
MAC,2023,0.0,0.0,1.3807,0.0009,0.0,0.0,4.594873306,,"Macao SAR, China",East Asia and Pacific,3.598782713
MNG,2023,0.0,0.0,2.9069,0.0009,0.0,0.0,3.598782713,,Mongolia,East Asia and Pacific,3.598782713
BHS,2021,100.0,0.0,0.5414,0.0009,50.93506494,1.1,4.916581099,,"Bahamas, The",Latin America and the Caribbean,3.523066439
MAC,2021,100.0,0.0,1.247,0.0009,0.0,13.6,4.257435897,,"Macao SAR, China",East Asia and Pacific,3.598782713
MAC,2022,100.0,0.0,1.3253,0.0009,0.0,11.0,4.466410749,,"Macao SAR, China",East Asia and Pacific,3.598782713
MNG,2021,100.0,0.0,2.692,0.0009,9.09894466,3.0,19.88733771,,Mongolia,East Asia and Pacific,3.598782713
MNG,2022,100.0,0.0,2.8252,0.0009,9.098233215,0.0,19.47699715,,Mongolia,East Asia and Pacific,3.598782713
BHS,2023,0.0,0.0,0.5914,0.001,0.0,0.0,5.132936111,,"Bahamas, The",Latin America and the Caribbean,3.523066439
DNK,2023,0.0,0.0558,11.2366,0.001,0.0,0.0,7.034107556,,Denmark,Europe and Central Asia,6.5015912305
PNG,2023,0.0,0.0,2.5947,0.001,0.0,0.0,3.598782713,,Papua New Guinea,East Asia and Pacific,3.598782713
PNG,2022,19.0,0.0,2.4906,0.001,79.02817648,54.6,3.598782713,,Papua New Guinea,East Asia and Pacific,3.598782713
PNG,2021,20.9,0.0,2.3434,0.001,79.10221702,54.5,3.598782713,,Papua New Guinea,East Asia and Pacific,3.598782713
BHS,2022,100.0,0.0,0.5551,0.001,50.93506494,1.1,4.924057574,,"Bahamas, The",Latin America and the Caribbean,3.523066439
DNK,2021,100.0,0.0561,11.1979,0.001,15.7345,39.5,7.673390609,,Denmark,Europe and Central Asia,6.5015912305
DNK,2022,100.0,0.0587,11.1572,0.001,15.758,0.0,7.322688304,,Denmark,Europe and Central Asia,6.5015912305
GRL,2021,100.0,0.0,0.0854,0.001,0.000535997,11.6,10.82202178,,Greenland,Europe and Central Asia,6.5015912305
URY,2023,0.0,0.6611,4.0156,0.0014,0.0,0.0,12.28840161,,Uruguay,Latin America and the Caribbean,3.523066439
KEN,2022,76.0,0.1983,10.5947,0.0014,6.344818498,0.0,1.562588886,,Kenya,Sub-Saharan Africa,1.562588886
KEN,2021,76.5,0.1965,10.8216,0.0014,6.344818498,67.7,1.562588886,,Kenya,Sub-Saharan Africa,1.562588886
URY,2021,100.0,0.6021,3.887,0.0014,11.72437436,57.8,12.53315355,,Uruguay,Latin America and the Caribbean,3.523066439
URY,2022,100.0,0.6299,3.9726,0.0014,11.84436064,0.0,12.4308409,,Uruguay,Latin America and the Caribbean,3.523066439
ETH,2023,0.0,0.4723,6.6374,0.0016,0.0,0.0,1.562588886,,Ethiopia,Sub-Saharan Africa,1.562588886
ETH,2022,55.0,0.4364,6.6325,0.0016,14.99462063,0.0,1.562588886,,Ethiopia,Sub-Saharan Africa,1.562588886
BGR,2022,100.0,0.7964,9.5364,0.0016,36.09985262,0.0,9.668744141,,Bulgaria,Europe and Central Asia,6.5015912305
BRN,2023,0.0,0.0,1.2412,0.0018,0.0,0.0,3.598782713,,Brunei Darussalam,East Asia and Pacific,3.598782713
BRN,2021,100.0,0.0,1.1522,0.0018,72.10626186,0.0,3.598782713,,Brunei Darussalam,East Asia and Pacific,3.598782713
BRN,2022,100.0,0.0,1.2085,0.0018,72.10626186,0.0,3.598782713,,Brunei Darussalam,East Asia and Pacific,3.598782713
GRC,2022,100.0,0.1487,17.6215,0.0019,30.26997673,0.0,7.009219803,,Greece,Europe and Central Asia,6.5015912305
LTU,2021,100.0,0.4111,6.0921,0.0019,35.18074908,33.2,8.03159339,,Lithuania,Europe and Central Asia,6.5015912305
TUR,2022,100.0,2.269,90.1147,0.0019,29.2768733,0.0,7.046888834,,Turkiye,Europe and Central Asia,6.5015912305
FRO,2023,0.0,0.0,0.0,0.002,0.0,0.0,6.494899588,,Faroe Islands,Europe and Central Asia,6.5015912305
FRO,2021,100.0,0.0,0.0,0.002,0.058394161,5.1,6.494899588,,Faroe Islands,Europe and Central Asia,6.5015912305
FRO,2022,100.0,0.0,0.0,0.002,0.058394161,7.9,6.494899588,,Faroe Islands,Europe and Central Asia,6.5015912305
TUR,2023,0.0,2.2703,95.0401,0.0022,0.0,0.0,7.107214082,,Turkiye,Europe and Central Asia,6.5015912305
LTU,2022,100.0,0.4128,6.102,0.0022,35.20364354,0.0,7.346840469,,Lithuania,Europe and Central Asia,6.5015912305
NZL,2021,100.0,0.9006,14.6516,0.0022,37.63065094,28.9,16.54418641,,New Zealand,East Asia and Pacific,3.598782713
NZL,2022,100.0,0.9036,14.8641,0.0022,37.71936349,0.0,16.29582584,,New Zealand,East Asia and Pacific,3.598782713
BEL,2023,0.0,0.0296,21.9509,0.0023,0.0,0.0,9.024041981,,Belgium,Europe and Central Asia,6.5015912305
DZA,2021,99.8,0.1117,43.3215,0.0023,0.822227648,0.1,5.673357126,,Algeria,Middle East and North Africa,5.673357126
DZA,2022,100.0,0.101,44.4738,0.0023,0.826332964,0.0,5.787845472,,Algeria,Middle East and North Africa,5.673357126
AZE,2023,0.0,0.1408,8.3202,0.0024,0.0,0.0,6.160188963,,Azerbaijan,Europe and Central Asia,6.5015912305
DZA,2023,0.0,0.0931,46.5578,0.0024,0.0,0.0,5.562578672,,Algeria,Middle East and North Africa,5.673357126
MDA,2023,0.0,0.1121,2.359,0.0024,0.0,0.0,5.510006376,,Moldova,Europe and Central Asia,6.5015912305
AZE,2021,100.0,0.1326,7.6891,0.0024,13.83299093,1.3,5.621188133,,Azerbaijan,Europe and Central Asia,6.5015912305
AZE,2022,100.0,0.1363,8.0685,0.0024,13.97248155,0.0,5.820126219,,Azerbaijan,Europe and Central Asia,6.5015912305
BEL,2022,100.0,0.0361,23.1126,0.0024,22.60444678,0.0,9.612815181,,Belgium,Europe and Central Asia,6.5015912305
MDA,2021,100.0,0.1132,2.2322,0.0024,11.72277828,21.4,5.087277223,,Moldova,Europe and Central Asia,6.5015912305
MDA,2022,100.0,0.1127,2.3413,0.0024,11.75129219,0.0,5.123160385,,Moldova,Europe and Central Asia,6.5015912305
LTU,2023,0.0,0.4147,6.2005,0.0025,0.0,0.0,7.202886211,,Lithuania,Europe and Central Asia,6.5015912305
BOL,2021,98.6,0.0,11.1754,0.0025,46.72830546,12.8,4.365161141,,Bolivia,Latin America and the Caribbean,3.523066439
BGR,2021,99.8,0.8412,9.6151,0.0025,35.98010317,20.4,8.728139449,,Bulgaria,Europe and Central Asia,6.5015912305
BOL,2023,0.0,0.0,11.9119,0.0026,0.0,0.0,4.507104163,,Bolivia,Latin America and the Caribbean,3.523066439
BOL,2022,99.9,0.0,11.5908,0.0026,46.53968836,0.0,4.430058605,,Bolivia,Latin America and the Caribbean,3.523066439
BEL,2021,100.0,0.0365,22.9232,0.0026,22.60444678,11.7,10.33580912,,Belgium,Europe and Central Asia,6.5015912305
ALB,2023,0.0,0.049,1.6819,0.0029,0.0,0.0,2.794529587,,Albania,Europe and Central Asia,6.5015912305
ALB,2022,100.0,0.0485,1.6681,0.0029,28.7919708,0.0,2.812409885,,Albania,Europe and Central Asia,6.5015912305
USA,2023,0.0,6.3151,1710.6454,0.0034,0.0,0.0,17.79796745,,United States,North America,18.06254835
USA,2021,100.0,6.3594,1663.6783,0.0034,33.86692641,10.9,18.06254835,,United States,North America,18.06254835
USA,2022,100.0,6.3487,1699.428,0.0034,33.86692641,0.0,18.14201729,,United States,North America,18.06254835
MDV,2021,100.0,0.0,1.3286,0.0036,2.733333333,1.4,5.487897023,,Maldives,South Asia,2.0916889505
MDV,2022,100.0,0.0,1.4124,0.0037,2.733333333,1.2,5.698274776,,Maldives,South Asia,2.0916889505
BIH,2023,0.0,0.003,4.4,0.0038,0.0,0.0,9.229929738,,Bosnia and Herzegovina,Europe and Central Asia,6.5015912305
MDV,2023,0.0,0.0,1.4715,0.0038,0.0,0.0,5.870789401,,Maldives,South Asia,2.0916889505
BIH,2021,100.0,0.0053,4.1802,0.0038,42.73261719,36.6,9.3311457,,Bosnia and Herzegovina,Europe and Central Asia,6.5015912305
BIH,2022,100.0,0.0038,4.3349,0.0038,42.73261719,0.0,9.435746733,,Bosnia and Herzegovina,Europe and Central Asia,6.5015912305
MLI,2023,0.0,0.1554,3.3219,0.011,0.0,0.0,1.562588886,,Mali,Sub-Saharan Africa,1.562588886
PRK,2021,52.6,0.0254,4.4151,0.011,49.90333029,14.7,3.164051936,,"Korea, Dem. People's Rep.",East Asia and Pacific,3.598782713
HKG,2021,100.0,0.0,6.9097,0.011,0.0,0.4,5.459510866,,"Hong Kong SAR, China",East Asia and Pacific,3.598782713
BLR,2023,0.0,0.4522,9.682,0.0123,0.0,0.0,9.182268869,,Belarus,Europe and Central Asia,6.5015912305
KHM,2021,82.5,0.0,6.8498,0.0123,44.82596873,52.4,2.837282587,,Cambodia,East Asia and Pacific,3.598782713
UKR,2022,100.0,2.7472,21.7806,0.0123,16.74490853,0.0,5.273600673,,Ukraine,Europe and Central Asia,6.5015912305
BLR,2021,100.0,0.4772,10.3895,0.014,43.27223454,8.2,9.534468108,,Belarus,Europe and Central Asia,6.5015912305
AUS,2023,0.0,3.4267,95.6792,0.0158,0.0,0.0,3.598782713,,Australia,East Asia and Pacific,3.598782713
LAO,2023,0.0,0.0,2.6875,0.0158,0.0,0.0,5.486789094,,Lao PDR,East Asia and Pacific,3.598782713
AUS,2022,100.0,3.3159,89.2178,0.0158,17.42131456,0.0,3.598782713,,Australia,East Asia and Pacific,3.598782713
