country_code,country_name,region,year,Poverty_HeadcountRatio_NationalPovertyLines_Percent,Multidim_PovertyHeadcountRatio_WorldBank,LifeExpectancy_Total,LifeExpectancy_Female,LifeExpectancy_Male,LiteracyRate_AdultTotal,LiteracyRate_YouthTotal,Unemployment_Total_Percent,Unemployment_YouthTotal_Percent,Water_BasicDrinkingServices_PercentofPop,Water_SafelyManagedDrinkingServices_PercentofPop,ElectricityAccess_PercentofPopulation,RenewableEnergy_Consumption_Percent,ForestArea_PercentofLand,GDP_CurrentUD,GDP_Growth_Percent,Inflation_ConsumerPrices_AnnualPercent,Trade_PercentGDP,Gini_Index
ALB,Albania,Europe and Central Asia,2019,21.8,,79.282,81.666,77.168,,,11.466,26.978,94.75822472,70.66585501,100.0,40.1,28.7919708,23.46958149586,-0.178167468344354,-0.466411133168108,0.0765814220931501,30.1
ALB,Albania,Europe and Central Asia,2020,22.0,,76.989,79.676,74.632,,,11.639,26.465,95.06803881,70.67453741,100.0,44.4,28.7919708,23.4472851008657,-1.25634914805698,-0.427337281096644,-0.334833590917609,29.4
ARG,Argentina,Latin America and the Caribbean,2019,35.5,1.1,77.284,80.681,73.857,,,9.843,25.86,,,100.0,10.7,10.48017861,26.827512044773,-0.993063866478557,,-1.03230934871624,43.3
ARG,Argentina,Latin America and the Caribbean,2020,42.0,1.2,75.892,79.285,72.546,,,11.461,30.173,,,100.0,9.8,10.44071488,26.6784319967471,-2.57728638253305,,-1.09525876973915,42.7
ARG,Argentina,Latin America and the Caribbean,2021,37.3,0.9,75.39,78.647,72.182,,,8.736,23.239,,,100.0,9.2,10.40076395,26.9106342818237,1.50224011090393,,-1.02068717933757,42.4
ARG,Argentina,Latin America and the Caribbean,2022,39.2,0.6,76.064,79.277,72.851,,,6.805,18.971,,,100.0,,10.3611378,27.1734044504953,0.465039881811015,,-1.0603978216788,40.7
ARM,Armenia,Europe and Central Asia,2019,26.4,1.0,75.439,79.856,70.403,,,9.794,25.189,99.92817193,82.82284776,100.0,10.3,11.54478398,23.3347530467369,0.932331638013506,-0.460384957794357,0.614328455961988,30.0
ARM,Armenia,Europe and Central Asia,2020,27.0,0.4,72.173,76.996,67.051,100.0,100.0,8.055,25.733,99.9415164,82.68581879,100.0,8.4,11.5374078,23.2602665982823,-2.03572023324009,-0.503596288448696,-0.0762805254072727,25.1
ARM,Armenia,Europe and Central Asia,2021,26.5,0.5,72.043,77.35,66.554,,,8.418,24.289,99.95489411,82.54877772,100.0,9.1,11.53003161,23.3536361599711,0.571352356726863,0.608931884601136,0.187796644377222,27.9
ARM,Armenia,Europe and Central Asia,2022,24.8,0.8,73.372,78.447,67.866,,,,,99.9683045,82.41172394,100.0,,11.52265543,23.694372706544,1.93505186512442,0.880121507376096,0.751712441194817,27.9
AUT,Austria,Europe and Central Asia,2019,13.9,0.7,81.89512195,84.2,79.7,,,4.56,8.786,99.99999659,98.90261913,100.0,34.0,47.10373243,26.8167994889601,-0.239853028653171,-0.4440978339408,0.92800041866882,30.2
AUT,Austria,Europe and Central Asia,2020,14.7,0.8,81.19268293,83.6,78.9,,,5.201,10.343,100.0,98.90064308,100.0,35.8,47.13790596,26.7972270015063,-1.85889158170136,-0.471845850889954,0.713776410502077,29.8
AUT,Austria,Europe and Central Asia,2021,14.8,0.7,81.1902439,83.7,78.8,,,6.459,12.037,100.0,98.89854282,100.0,36.0,47.1720795,26.8980243845404,0.369871591165935,-0.213939136718233,1.00127492714922,30.7
BDI,Burundi,Sub-Saharan Africa,2020,,79.2,61.566,63.675,59.465,,,1.03,1.7,62.20712127,,9.1,83.4,10.8894081,21.697704813816,-0.526193739892855,0.634311795003824,-1.18423577146895,37.5
BEL,Belgium,Europe and Central Asia,2019,14.1,0.8,81.99512195,84.3,79.8,,,5.364,14.241,100.0,99.71450454,100.0,10.2,22.60444678,27.0087535591537,-0.101896050430386,-0.461619224014933,2.41316504928569,27.2
BEL,Belgium,Europe and Central Asia,2020,12.7,0.7,80.69512195,83.0,78.5,,,5.545,15.331,99.99999626,99.72281209,100.0,12.3,22.60444678,26.9955653182683,-1.55300748684522,-0.59125233465695,2.19229346670356,26.0
BEL,Belgium,Europe and Central Asia,2021,13.2,0.7,81.7902439,84.3,79.4,,,6.248,18.209,100.0,99.73113433,100.0,11.7,22.60444678,27.1176823368332,0.652082167379758,-0.274733552524149,2.72247153114998,26.6
BEL,Belgium,Europe and Central Asia,2022,12.3,,81.69756098,83.9,79.6,,,5.57,16.397,100.0,99.73944938,100.0,,22.60444678,27.1092002655976,0.257186439149904,1.05828554616679,3.10132194573209,
BEN,Benin,Sub-Saharan Africa,2021,,45.4,59.821,61.445,58.221,43.8341713,65.3227005,,,67.12590915,,42.0,54.5,27.36032281,23.596270066475,0.843180112934948,-0.406355991282214,-0.632234832108229,34.4
BFA,Burkina Faso,Sub-Saharan Africa,2021,43.2,53.0,59.27,60.99,57.474,36.96738052,62.6698608,,,49.02263051,,19.0,71.2,22.5380117,23.7037583878384,0.800478927136212,-0.048762929941964,-0.259622149313528,37.4
BGD,Bangladesh,South Asia,2022,18.7,6.6,73.698,76.012,71.514,,,4.593,11.468,98.09706298,59.10929532,99.4,,14.46877161,26.8547792417893,0.832025277569387,0.704312361463025,-1.00249741882433,33.4
BGR,Bulgaria,Europe and Central Asia,2019,23.8,1.4,75.11219512,78.8,71.6,,,4.23,8.898,99.144878,96.12456449,99.2,19.3,35.74060427,24.9520207471278,0.168028272854739,-0.151162190999526,1.36434751433323,40.3
BGR,Bulgaria,Europe and Central Asia,2020,22.1,0.8,73.65853659,77.5,70.0,,,5.125,14.216,99.11673596,95.96707641,99.7,21.1,35.86035372,24.9819493056796,-1.23670010059063,-0.417735435566666,0.982905937457348,40.5
BGR,Bulgaria,Europe and Central Asia,2021,22.9,1.3,71.46341463,75.1,68.0,98.41999817,98.0599976,5.267,15.829,99.08929849,95.81034352,99.8,20.4,35.98010317,25.1590459086102,0.968552863669541,-0.115027488960724,1.2638996872078,39.0
BGR,Bulgaria,Europe and Central Asia,2022,20.6,,74.36097561,78.1,70.8,,,4.268,10.748,99.06253279,95.65433138,100.0,,36.09985262,25.2301929165097,0.218149688203546,2.12506151609404,1.72255644375845,
BLR,Belarus,Europe and Central Asia,2019,5.0,3.2,74.22682927,79.4,69.3,100.0,100.0,4.165,10.205,98.39198685,92.8526696,100.0,7.8,43.12615476,24.8885366447849,-0.301725073867069,0.313417364924084,1.51531121994736,25.3
BLR,Belarus,Europe and Central Asia,2020,4.8,,72.45721951,77.866,67.306,,,4.049,12.038,98.65157317,92.93711077,100.0,8.4,43.19440339,24.8402155553011,-0.726717699585519,0.304102708048222,1.20622723707978,24.4
BLR,Belarus,Europe and Central Asia,2021,4.1,,72.37068293,77.697,67.298,,,3.9,10.505,99.18791665,93.01940273,100.0,8.2,43.27223454,24.9670894285668,-0.10270383021363,1.03272726827631,1.64926345702701,
BLR,Belarus,Europe and Central Asia,2022,3.9,,73.11146341,78.384,68.09,,,3.574,10.287,99.17886811,93.09975592,100.0,,43.33513966,25.0242881966203,-1.52601666867567,2.1035344013878,1.23450808876358,
BOL,Bolivia,Latin America and the Caribbean,2019,37.2,5.6,67.841,70.475,65.37,,99.5299988,3.682,7.067,92.5659539,,95.1,13.5,47.10953568,24.4342815375881,-0.147255962547769,-0.386612794878813,-0.415848238016303,41.6
BOL,Bolivia,Latin America and the Caribbean,2020,39.0,6.6,64.467,67.841,61.559,94.0,99.5599976,7.903,16.07,93.08742169,,97.2,16.9,46.92491461,24.3241291496276,-2.34413379916511,-0.554012175223881,-0.698418258319545,43.6
BOL,Bolivia,Latin America and the Caribbean,2021,36.4,4.5,63.63,66.8,60.879,,99.5199966,5.089,8.291,93.60317892,,98.6,12.8,46.72830546,24.4222468900759,0.633796307834148,-0.591887081522435,-0.34778452292467,40.9
BRA,Brazil,Latin America and the Caribbean,2019,,6.1,75.338,78.469,72.203,,99.0999985,11.936,27.007,98.93554395,85.1909259,99.8,47.5,59.55852618,28.2587173592264,-0.346983383352021,-0.0339668429100566,-1.1293268374203,53.5
BRA,Brazil,Latin America and the Caribbean,2022,,4.1,73.425,76.596,70.296,94.69000244,99.2799988,9.231,20.743,99.59377131,87.25871547,100.0,,59.12751189,28.2998346194736,0.0131769827427146,0.999169684987461,-0.871870950228638,52.0
BTN,Bhutan,South Asia,2022,12.4,1.3,72.229,74.152,70.57,72.09999847,98.0,5.947,28.625,99.1314463,73.34199194,100.0,82.5,71.55322496,21.7873652643686,0.453807036215609,0.321055498383591,0.340865447390369,28.5
CAF,Central African Republic,Sub-Saharan Africa,2021,68.8,,53.895,56.303,51.645,,,,,36.19738081,6.083897945,15.7,90.9,35.7523516,21.6461342535427,-0.394684354404934,0.0640713578138362,-0.733282666253434,43.0
CHE,Switzerland,Europe and Central Asia,2019,15.5,0.3,83.90487805,85.8,82.1,,,4.394,8.003,99.99999872,96.69999877,100.0,24.8,32.03446856,27.304416632495,-0.36278535147938,-0.661636140535706,1.34094231155849,34.0
CHE,Switzerland,Europe and Central Asia,2020,14.7,0.1,83.0,85.1,81.0,,,4.817,8.61,99.9999976,96.69999768,100.0,26.4,32.12153594,27.3326137324053,-1.02131575032679,-0.864414676595549,1.28020493846421,33.7
CHE,Switzerland,Europe and Central Asia,2021,15.8,,83.75121951,85.8,81.8,,,5.013,8.318,100.0,96.70000007,100.0,27.7,32.20860332,27.4244998950264,0.489507933299656,-0.620861450496637,1.49990482770187,
CHL,Chile,Latin America and the Caribbean,2020,10.8,1.8,79.377,82.041,76.745,,,10.934,24.381,100.0,98.77137068,100.0,26.7,24.49215367,26.2607654446301,-1.82384039418017,-0.162008957943319,-0.369534415231875,47.0
CHL,Chile,Latin America and the Caribbean,2022,6.5,0.5,79.519,81.877,77.156,97.16000366,99.3099976,8.249,18.285,99.9999983,98.7713643,100.0,,24.82277373,26.4340801965165,-0.178935042455748,1.43941310697998,0.0663519808539765,43.0
CHN,China,East Asia and Pacific,2019,0.6,,77.968,80.816,75.298,,,5.15,11.83,95.3173719,,100.0,14.3,23.23111754,30.2898810728401,0.601534386566531,-0.189248832619562,-0.947764840280214,38.2
CHN,China,East Asia and Pacific,2020,0.0,,78.077,81.058,75.305,97.0,100.0,5.61,14.19,95.89031366,,100.0,14.9,23.4313229,30.3180315247616,-0.142857514629992,-0.278612448135991,-0.977225260871876,37.1
CIV,Cote d'Ivoire,Sub-Saharan Africa,2021,37.5,29.2,58.598,59.941,57.4,50.00064087,66.8442688,,,72.73826702,43.7664579,71.1,58.2,8.565492767,25.0109081171137,0.8247054852903,0.0328913163465732,-0.708514111971404,35.3
CMR,Cameroon,Sub-Saharan Africa,2021,,41.0,60.333,62.018,58.69,,,3.275,6.428,68.89556458,,65.4,79.2,42.91104483,24.5301935659377,0.0777848776993367,-0.306095856836077,-0.92595773672436,42.2
COD,"Congo, Dem. Rep.",Sub-Saharan Africa,2020,,83.6,59.739,61.7,57.818,,,1.466,1.687,35.50023727,11.18566629,20.1,96.2,55.64731259,24.6092930992288,-0.243774404547374,,-0.361522320022901,44.7
COL,Colombia,Latin America and the Caribbean,2019,,5.9,76.752,79.721,73.8,95.0,98.8199997,10.28,20.658,96.89252467,73.27191936,99.4,31.5,53.48463272,26.5010172264724,0.0473017656696472,-0.0730706915575099,-0.904488850266995,51.3
COL,Colombia,Latin America and the Caribbean,2020,,7.8,74.769,78.136,71.537,96.0,99.0,15.983,27.143,97.04102366,73.4132311,99.7,32.0,53.30501127,26.3229758549331,-2.03289539769246,-0.258644324346922,-0.99534880237815,53.5
COL,Colombia,Latin America and the Caribbean,2021,39.7,7.7,72.83,76.442,69.404,,99.1100006,13.898,24.612,97.3938173,73.71989554,100.0,29.7,53.12539585,26.486966801817,1.57431287330642,-0.0782784853254041,-0.839627895934178,55.1
COL,Colombia,Latin America and the Caribbean,2022,36.6,6.5,73.659,77.143,70.319,,98.9100037,10.547,20.985,97.53776039,73.85604483,100.0,,52.94577639,26.5677663185444,0.869939154329484,1.16625661040478,-0.631738974051678,54.8
CRI,Costa Rica,Latin America and the Caribbean,2019,23.9,1.2,79.427,81.953,77.002,,,10.807,31.052,99.79752937,80.52068401,99.7,33.4,59.11672542,24.8886538194071,-0.106985506949015,-0.338840186086362,-0.172984691553833,48.2
CRI,Costa Rica,Latin America and the Caribbean,2020,30.0,2.3,79.277,81.912,76.751,,,16.432,37.0679,99.81053657,80.51604657,99.9,36.4,59.43732863,24.8567607694792,-1.44879886977455,-0.594209999880489,-0.318773106195431,49.2
CRI,Costa Rica,Latin America and the Caribbean,2021,26.2,1.3,77.023,79.811,74.418,98.04000092,99.5299988,15.139,37.0679,99.81186902,80.51168811,100.0,34.2,59.75793184,24.8970487047664,0.999666757514005,-0.407671282043176,-0.0427469413968504,48.7
CRI,Costa Rica,Latin America and the Caribbean,2022,25.5,1.0,77.32,80.036,74.762,,,11.325,30.384,99.81312891,80.50757849,100.0,,60.07853506,24.9608969348896,0.320971467394747,0.811929725620963,0.254136878417146,47.2
CYP,Cyprus,Europe and Central Asia,2019,14.3,1.2,81.397,83.27,79.508,,,7.155,16.873,99.76519236,99.76519236,100.0,12.0,18.67424242,23.9888980297361,0.586511727585925,-0.682591760479165,2.02515006804444,31.2
CYP,Cyprus,Europe and Central Asia,2020,13.8,1.1,81.391,83.448,79.345,,,7.755,18.533,99.76517216,99.76517216,100.0,15.0,18.67207792,23.9641025018267,-1.23768214512755,-0.848126975189917,2.28874649256431,31.7
CYP,Cyprus,Europe and Central Asia,2021,13.9,0.9,81.203,83.204,79.209,99.36000061,99.9000015,7.513,17.139,99.76513248,99.76513248,100.0,15.6,18.66991342,24.1368157549567,1.69194502537844,-0.273645839816748,2.70784460517321,31.3
CZE,Czechia,Europe and Central Asia,2019,9.5,0.0,79.22926829,82.2,76.4,,,2.015,5.627,99.88046889,97.88204832,100.0,15.9,34.65141732,26.2715400440072,0.123292151987796,-0.198814146351116,1.7047749711478,25.3
CZE,Czechia,Europe and Central Asia,2020,8.6,0.0,78.17560976,81.3,75.2,,,2.551,7.955,99.88058826,97.8824672,100.0,17.0,34.67799193,26.249156927092,-1.65566511110916,-0.140440724174031,1.46162723701762,26.2
CZE,Czechia,Europe and Central Asia,2021,10.2,0.1,77.22195122,80.5,74.1,,,2.803,8.151,99.8807193,97.88292555,100.0,17.2,34.70669802,26.3964963163115,0.216192523313962,-0.0140628631607779,1.6846342559318,26.2
DEU,Germany,Europe and Central Asia,2019,16.1,0.3,81.29268293,83.7,79.0,,,3.163,5.869,99.99999955,99.90934446,100.0,17.1,32.68267552,29.0065603474319,-0.393686978075201,-0.459972763106021,0.173890185771657,31.8
DEU,Germany,Europe and Central Asia,2020,16.0,0.3,81.04146341,83.5,78.7,,,3.881,7.864,100.0,99.91265021,100.0,18.5,32.68267552,29.0022373716023,-1.41305854553064,-0.702239532838423,0.0146179882511263,32.4
DEU,Germany,Europe and Central Asia,2021,14.8,,80.7902439,83.3,78.4,,,3.594,6.662,100.0,99.91604275,100.0,17.6,32.68267552,29.1008060800477,0.144193512187425,-0.158065024305887,0.200421440700407,
DNK,Denmark,Europe and Central Asia,2019,12.1,0.9,81.45121951,83.5,79.5,,,5.018,10.058,100.0,99.91883035,100.0,37.2,15.6875,26.5679718978517,-0.248591838109246,-0.58802285547256,1.02356104668139,27.7
DNK,Denmark,Europe and Central Asia,2020,12.3,1.2,81.60243902,83.6,79.7,,,5.637,11.612,99.99999671,99.91882406,100.0,39.5,15.711,26.5971595133922,-0.948792762732077,-0.650866257488075,0.830114135203162,27.5
DNK,Denmark,Europe and Central Asia,2021,12.4,0.7,81.40487805,83.3,79.6,,,5.043,10.833,99.99999983,99.91882718,100.0,39.5,15.7345,26.7354590530323,0.888626330385527,-0.384098387183911,1.01117741773169,28.3
DOM,Dominican Republic,Latin America and the Caribbean,2019,21.0,2.4,73.577,76.965,70.471,,98.6999969,6.356,16.0,96.14011415,44.68936087,99.0,14.4,44.31738067,25.211243254325,0.421379105991033,-0.392003022652404,-0.555554653049081,41.9
DOM,Dominican Republic,Latin America and the Caribbean,2020,23.4,2.9,72.889,76.914,69.364,,98.8600006,6.126,14.916,96.30657934,44.77878551,100.0,16.0,44.48522989,25.090745377596,-1.93950709648701,-0.0250166320097924,-0.729793053472682,39.6
DOM,Dominican Republic,Latin America and the Caribbean,2021,23.9,1.8,72.615,76.291,69.298,,98.8399963,7.702,17.029,96.70461445,44.86265823,98.1,14.8,44.65307911,25.2691469095315,1.86927145892377,0.806012392273203,-0.510844699916594,38.5
DOM,Dominican Republic,Latin America and the Caribbean,2022,,2.0,74.17,77.536,71.044,95.5,98.5299988,5.504,13.056,96.75452434,44.94117681,98.1,,44.82092833,25.4553946119425,0.382504849266695,0.911817215682988,-0.472024330320926,37.0
ECU,Ecuador,Latin America and the Caribbean,2019,25.0,4.2,77.297,79.953,74.699,,94.8799973,3.812,8.754,95.01122463,66.60985713,99.1,17.7,50.58020615,25.4016493092712,-0.558632413061398,-0.679678574029059,-0.63150884979355,45.7
ECU,Ecuador,Latin America and the Caribbean,2020,33.0,7.1,72.153,76.056,68.765,94.0,95.0800018,6.116,11.074,95.35976471,66.8266653,98.9,20.2,50.32142857,25.2862117123055,-2.44585213408043,-0.792336598516138,-0.737687139473867,47.3
ECU,Ecuador,Latin America and the Caribbean,2021,27.7,4.3,73.67,77.462,70.26,94.0,96.3300018,4.504,9.033,95.67799951,67.04490248,100.0,18.9,50.06265099,25.4001518504854,1.37722210774536,-0.704404941514846,-0.500045878762168,45.8
ECU,Ecuador,Latin America and the Caribbean,2022,25.2,4.0,77.894,80.481,75.313,94.0,96.3700027,3.713,8.219,95.70334323,67.08951177,100.0,,49.80387341,25.4818950350519,0.648790248305822,-0.0836587622920682,-0.280338755408538,45.5
EGY,"Egypt, Arab Rep.",Middle East and North Africa,2019,29.7,2.3,71.358,73.711,69.049,,,7.851,19.256,98.76141522,,100.0,6.2,0.045185594,26.4874501635128,0.521636098306956,0.975459226573461,-0.812007248245189,31.9
ESP,Spain,Europe and Central Asia,2019,21.0,3.6,83.83170732,86.7,81.1,,,14.105,32.532,99.92583827,99.55867593,100.0,16.7,37.16772156,27.9699902327491,-0.19850043016595,-0.598939274898638,-0.157274157256422,34.3
ESP,Spain,Europe and Central Asia,2020,21.7,4.2,82.33170732,85.2,79.6,99.0,100.0,15.532,37.0679,99.92560976,99.56148003,100.0,19.3,37.17730549,27.8854927771232,-2.78576913361183,-0.789334412427335,-0.336767826745768,34.9
ESP,Spain,Europe and Central Asia,2021,20.4,3.3,83.22926829,86.2,80.4,,,14.781,34.796,99.92538111,99.56429638,100.0,19.0,37.17275211,28.010306506254,0.748461664041873,-0.153135353244877,-0.153166510007776,33.9
ESP,Spain,Europe and Central Asia,2022,20.2,,83.08292683,85.9,80.4,,,12.917,29.761,99.92515757,99.56714264,100.0,,37.18279228,28.0001679613633,0.647421164791238,0.833497401021621,0.160760754222677,
EST,Estonia,Europe and Central Asia,2019,20.7,0.8,78.64634146,83.0,74.5,,,4.514,11.657,99.98728731,96.97601045,100.0,31.3,57.03859649,24.1850485854114,0.15555499816455,-0.305089808613896,1.7617747729934,30.8
EST,Estonia,Europe and Central Asia,2020,20.6,0.6,78.59512195,83.0,74.4,,,6.956,18.489,99.99999772,96.99838838,100.0,40.4,57.03859649,24.1833851051624,-1.17013403842529,-0.812015219717847,1.68501100578632,30.7
EST,Estonia,Europe and Central Asia,2021,22.8,0.4,76.94390244,81.4,72.7,99.87000275,99.9899979,6.178,16.712,99.99999915,97.00866426,100.0,38.0,57.03859649,24.3396972533912,0.842978734024705,0.137415920058276,2.28163856769622,31.8
EST,Estonia,Europe and Central Asia,2022,22.5,,77.94390244,82.4,73.7,,,5.571,18.561,100.0,97.01938262,100.0,,57.0652937,24.3706993043975,-0.579684664806757,2.88364654999907,2.6491625925314,
FIN,Finland,Europe and Central Asia,2019,12.2,1.0,81.98292683,84.8,79.3,,,6.695,17.201,100.0,99.63615198,100.0,45.4,73.73079327,26.3105706735477,-0.321121100125505,-0.538488153364325,0.210992023291329,27.7
FIN,Finland,Europe and Central Asia,2020,10.8,1.4,81.93170732,84.8,79.2,,,7.759,21.329,100.0,99.63792536,100.0,47.3,73.72836744,26.3216877959485,-1.09136558543633,-0.675107691503518,-0.00635709962909901,27.1
FIN,Finland,Europe and Central Asia,2021,12.7,1.5,81.88536585,84.6,79.3,,,7.617,17.119,100.0,99.63990231,100.0,50.2,73.72649966,26.4076038201715,-0.0433726012463538,-0.320489643181228,0.190893369181285,27.7
FIN,Finland,Europe and Central Asia,2022,12.2,,81.18780488,83.8,78.7,,,6.719,14.19,100.0,99.64202706,100.0,,73.72649966,26.3589193525537,-0.301004600131805,0.597509621563132,0.562916810534667,
FJI,Fiji,East Asia and Pacific,2019,24.1,1.6,67.893,69.728,66.126,,,,,95.38331405,41.48286371,96.1,26.5,62.03284072,22.4178547196362,-0.708508986125462,-0.398987648954442,0.907358388813345,30.7
FRA,France,Europe and Central Asia,2019,,0.9,82.82682927,85.9,79.9,,,8.415,20.131,100.0,99.37573798,100.0,15.5,31.35673546,28.632678205824,-0.185210788597037,-0.522813417418936,-0.155646490760831,31.2
FRA,France,Europe and Central Asia,2020,,1.3,82.17560976,85.3,79.2,,,8.01,20.606,99.99999807,99.50978126,100.0,16.8,31.50904837,28.604799318609,-2.08398034174756,-0.640476116326809,-0.352518364485391,30.7
FRA,France,Europe and Central Asia,2021,15.6,1.4,82.32439024,85.5,79.3,,,7.871,19.5,100.0,99.64470644,100.0,16.2,31.66136128,28.7183803255358,0.788408770644159,-0.423343251847506,-0.224135711677316,31.5
GEO,Georgia,Europe and Central Asia,2019,19.5,4.8,73.47,78.429,68.493,,,11.565,30.355,94.43602693,68.36719636,100.0,24.7,40.61591596,23.5933406153945,0.487268101979194,0.174615317091376,1.17707799059877,35.9
GEO,Georgia,Europe and Central Asia,2020,21.3,5.8,72.765,77.874,67.74,,,11.734,31.291,94.6720999,68.62339333,100.0,23.4,40.61591596,23.4965336546112,-1.85331976581539,0.239721075700749,0.530728377836155,34.5
GEO,Georgia,Europe and Central Asia,2021,17.5,5.5,71.694,76.681,66.803,,,,,94.82521607,68.88145941,100.0,25.2,40.61591596,23.6599440204718,1.54283457147872,1.05258687261926,0.756644017679529,34.2
GEO,Georgia,Europe and Central Asia,2022,15.6,4.3,71.587,76.461,66.76,100.0,100.0,,,94.97753546,69.14185103,100.0,,40.61591596,23.9415242296826,1.60586526011536,1.48677548934283,1.09629030669075,33.5
GMB,"Gambia, The",Sub-Saharan Africa,2020,53.4,,62.612,64.235,61.023,,,,,84.48498247,46.495303,62.2,49.8,23.97924901,21.3177913513784,-0.473183853162114,0.375460056825522,-0.649336828509994,38.8
GNB,Guinea-Bissau,Sub-Saharan Africa,2021,50.5,38.7,59.652,61.796,57.392,,,,,61.68898345,23.77591801,35.8,87.4,70.11273115,21.3405015121948,0.648095886608532,-0.31156571434596,-0.682417784856123,33.4
GRC,Greece,Europe and Central Asia,2019,17.7,3.0,81.63902439,84.2,79.2,,,16.5361,34.894,99.9999993,98.98123734,100.0,18.5,30.26997673,26.0574617995342,-0.135128089880543,-0.682100715498405,0.211665130676855,33.1
GRC,Greece,Europe and Central Asia,2020,19.6,3.6,81.28780488,83.9,78.8,,,15.899,33.871,100.0,98.93044159,100.0,20.1,30.26997673,25.9774379848485,-2.43605256815398,-0.961655862905406,-0.0554009600209713,33.6
GRC,Greece,Europe and Central Asia,2021,18.8,2.2,80.08292683,82.9,77.4,,,14.657,35.525,99.99999523,98.87963707,100.0,21.5,30.26997673,26.1091544237472,1.14380490350138,-0.501288830643794,0.404191746661043,32.9
HIC,High income,Other summary,2019,,1.6,80.1395351,83.06118857,77.42791638,,,4.765630403,12.41128448,99.12166775,95.51055744,,,,31.6802113961436,-0.209546586501893,-0.42839641773424,-0.303655182689156,
HIC,High income,Other summary,2020,,1.5,79.14331314,82.18806195,76.31656404,,99.2507401,6.441530063,15.99168658,99.14029048,95.58504001,,,,31.6554134180261,-1.36747855778166,-0.617663185943886,-0.422329553045114,
HIC,High income,Other summary,2021,,1.5,78.79808772,81.79408203,76.01041542,,99.2870712,5.562231729,13.58275514,99.16228863,94.20167625,,,,31.7699868466614,0.567039502612006,-0.258591227177897,-0.303078951243847,
HIC,High income,Other summary,2022,,1.8,79.50663078,82.45256554,76.7738579,,,4.504994495,11.67259554,99.19450957,94.3030606,,,,31.804812823897,-0.0104407912729367,0.640000733046005,-0.126292371469947,
HND,Honduras,Latin America and the Caribbean,2019,59.3,14.8,72.881,75.37,70.534,89.0,96.0800018,5.698,10.93,94.60684752,63.94898613,91.1,46.2,57.02216463,23.93741955994,-0.0784836802439681,0.0839080502320071,0.701112528424106,48.2
HND,Honduras,Latin America and the Caribbean,2021,73.6,,70.123,72.534,67.894,,,8.506,14.349,95.4270668,64.82911437,94.1,45.9,56.6476897,24.060611803866,1.92808985425167,0.105327956671298,0.802599355390505,
HRV,Croatia,Europe and Central Asia,2019,18.3,0.6,78.42439024,81.6,75.4,,,6.617,16.627,,,100.0,31.6,34.60456722,24.8417757540025,0.0299714956926653,-0.585473362001263,0.750966333823709,28.9
HRV,Croatia,Europe and Central Asia,2020,19.2,0.5,77.72439024,80.9,74.7,,,7.507,21.105,,,100.0,32.4,34.65171551,24.7830771115414,-2.25865353325225,-0.700389457351529,0.443638067529465,29.5
HRV,Croatia,Europe and Central Asia,2021,18.0,0.5,76.42439024,79.6,73.4,99.44999695,99.7600021,7.608,21.904,,,100.0,34.1,34.69639028,24.9574709207426,1.94140917754256,-0.253453247740968,0.774995776739504,28.9
HUN,Hungary,Europe and Central Asia,2019,12.3,0.4,76.3195122,79.7,73.1,,,3.419,11.404,100.0,97.62955066,100.0,13.6,22.51227263,25.8232542085608,0.383688399858783,-0.107420787110661,2.29088966880387,30.0
HUN,Hungary,Europe and Central Asia,2020,12.6,0.5,75.56829268,79.0,72.3,,,4.25,12.763,99.99999998,99.10948171,100.0,14.8,22.49627438,25.7813507145019,-1.49165347297127,-0.10962641695315,2.15267423412256,29.7
HUN,Hungary,Europe and Central Asia,2021,12.1,0.4,74.16341463,77.8,70.7,99.09999847,98.6999969,4.045,13.482,99.99999885,99.99999885,100.0,15.3,22.48034955,25.9278767370596,0.824282639774965,0.22267955597114,2.26331575028772,29.2
IDA,IDA total,Other summary,2019,,35.0,64.16986282,66.29954086,62.12326246,68.00256348,79.555687,,,71.65761265,34.2496401,,,,28.5480235944514,0.207361476030742,-0.22143302724536,-0.603148095755577,
IDN,Indonesia,East Asia and Pacific,2019,9.4,4.0,70.518,72.597,68.481,,,3.59,13.578,91.81374215,29.43391674,98.9,19.8,49.39429641,27.7435459067713,0.414785149593895,-0.164784820724878,-0.902692808879277,35.4
IDN,Indonesia,East Asia and Pacific,2020,9.8,3.4,68.808,70.982,66.745,96.0,100.0,4.255,14.799,92.58739569,29.71391558,97.0,21.9,49.07178037,27.6883933957874,-1.00602920466189,-0.371448010223848,-1.02344994684546,35.3
IDN,Indonesia,East Asia and Pacific,2021,10.1,3.3,67.57,69.744,65.533,,,3.827,13.867,93.35176582,29.99125244,99.2,20.2,48.36194487,27.8020373409376,0.150788556736553,-0.438653038950286,-0.835851010935436,35.5
IDN,Indonesia,East Asia and Pacific,2022,9.5,2.6,68.25,70.437,66.181,,,3.462,14.141,94.10719255,30.26616672,100.0,,48.04199007,27.9079556398343,0.472568239897299,0.0547775669390082,-0.699387404457713,35.5
IRL,Ireland,Europe and Central Asia,2019,13.8,0.4,82.70243902,84.7,80.8,,,4.95,12.458,96.00410448,95.70191911,100.0,12.3,11.29365655,26.7323861005453,0.419049239017588,-0.554552141156257,3.30892241936642,30.8
IRL,Ireland,Europe and Central Asia,2020,12.9,0.4,82.55609756,84.4,80.8,,,5.623,15.262,96.00005775,95.85353668,100.0,13.7,11.35172013,26.8021824972412,0.843670881314647,-0.789973357859873,3.30892241936642,29.2
IRL,Ireland,Europe and Central Asia,2021,14.0,16.1,82.35365854,84.3,80.5,,,6.364,15.616,95.99583147,95.99583147,100.0,12.7,11.40978371,26.998605845549,2.66816333262628,-0.293341005901884,3.30892241936642,30.1
IRN,"Iran, Islamic Rep.",Middle East and North Africa,2019,,0.8,76.103,79.055,73.379,,,10.74,26.074,97.32361287,93.81299012,100.0,1.0,6.621553159,26.5329656721965,-1.20759124290319,6.70340242360533,-0.562215812765935,36.5
IRN,"Iran, Islamic Rep.",Middle East and North Africa,2020,,0.9,74.832,77.817,72.102,,,9.687,23.728,97.44947559,93.95266104,100.0,0.9,6.626730354,26.2923200124988,0.0760664131673852,4.96884526168328,-0.742333878802645,35.8
IRN,"Iran, Islamic Rep.",Middle East and North Africa,2021,,0.8,73.875,76.808,71.246,,,9.282,23.708,97.57192402,94.08863277,100.0,0.9,6.635211094,26.6724385598662,0.354720212989801,7.35185329052057,-0.727713407244732,35.5
IRN,"Iran, Islamic Rep.",Middle East and North Africa,2022,,0.5,74.556,77.453,71.93,88.95999908,98.8099976,9.085,22.63,97.69118664,94.22125147,100.0,,6.641489492,26.7005376418893,0.165577832584345,7.37037516766648,-0.54034558201604,34.8
ISR,Israel,Middle East and North Africa,2019,,0.6,82.80487805,84.7,81.0,,,3.731,6.561,99.99999724,99.51434274,100.0,4.5,6.469500924,26.7138575032072,0.167284472437749,-0.570953024516439,-0.408865807292696,38.3
ISR,Israel,Middle East and North Africa,2020,,0.5,82.64878049,84.8,80.6,,,4.169,7.692,100.0,99.49995773,100.0,5.6,6.469500924,26.7436312028845,-0.885521047226337,-0.843655101777817,-0.551919294230459,37.8
ISR,Israel,Middle East and North Africa,2021,,0.3,82.5,84.6,80.5,,,4.812,7.682,100.0,99.48556442,100.0,6.2,6.469500924,26.9170751320559,1.28206195237002,-0.447952247192807,-0.450490479997769,37.9
ITA,Italy,Europe and Central Asia,2019,20.0,2.5,83.49756098,85.7,81.4,99.0,100.0,9.952,29.156,99.91703407,93.22415679,100.0,17.3,32.16697045,28.3339255393949,-0.505737115994923,-0.615379683047199,-0.35627160904679,34.6
ITA,Italy,Europe and Central Asia,2020,20.1,2.4,82.19512195,84.5,80.0,,,9.164,29.381,99.91703407,92.96735717,100.0,18.7,32.34893496,28.2768041151227,-2.37027206348621,-0.754870246148753,-0.479599315031388,35.2
ITA,Italy,Europe and Central Asia,2021,20.1,2.4,82.64634146,84.9,80.5,,,9.497,29.676,99.91703407,92.71055756,100.0,17.5,32.53089947,28.4099835417315,1.19926820958431,-0.380236029936849,-0.314568775726114,34.8
JAM,Jamaica,Latin America and the Caribbean,2019,11.0,,71.767,73.874,69.668,,,4.987,15.042,90.99735255,,98.9,9.2,54.75530933,23.4852211349353,-0.412859328735884,-0.00190929496866388,0.458608299645781,
JAM,Jamaica,Latin America and the Caribbean,2021,16.7,0.7,70.5,72.543,68.469,,,5.188,15.614,91.06403594,,100.0,10.5,55.47306556,23.4082238628215,0.330985177862654,0.362703263520934,0.0,40.2
KAZ,Kazakhstan,Europe and Central Asia,2019,4.3,,73.18,77.3,68.82,,,4.8,,95.42702887,89.32126354,100.0,1.9,1.268822462,25.9254411778078,0.310645097730168,0.264137336275236,-0.196378548257049,28.0
KAZ,Kazakhstan,Europe and Central Asia,2020,5.3,,71.37,75.53,67.09,99.80000305,99.9000015,4.89,3.78,95.4349661,89.33464371,100.0,1.8,1.279653295,25.8654088106799,-1.09316321934271,0.522013790331404,-0.39952970026451,28.7
KAZ,Kazakhstan,Europe and Central Asia,2021,5.2,,70.23,74.03,66.33,,,,,95.44405932,89.34996923,100.0,2.0,1.290483832,26.0070379320575,0.270536287851577,0.768477627456334,-0.356935147375081,29.2
KAZ,Kazakhstan,Europe and Central Asia,2022,5.2,,74.44,78.41,70.26,,,4.86,3.81,,,100.0,,1.301314553,26.141568257377,0.0499378385329288,2.06967267221046,-0.106225791806381,
KEN,Kenya,Sub-Saharan Africa,2021,38.6,38.5,61.427,64.09,58.935,,,5.693,12.425,62.19883728,,76.5,67.7,6.344818498,25.4210516666531,0.930424358655755,0.408362397879462,-1.07916151630621,38.7
KGZ,Kyrgyz Republic,Europe and Central Asia,2019,20.1,0.8,71.6,75.8,67.6,99.59999847,99.6999969,5.45,12.85,89.85880809,74.11661399,99.9,28.3,6.762982273,22.9609150247896,0.330824973853633,-0.518088766914824,0.570652142836396,29.7
KGZ,Kyrgyz Republic,Europe and Central Asia,2020,25.3,1.3,71.8,76.0,67.8,,,5.945,11.877,90.71465374,76.33853729,99.9,30.0,6.858081335,22.8359570088265,-2.02548799032702,0.448868694384594,0.170220767209903,29.0
KGZ,Kyrgyz Republic,Europe and Central Asia,2021,33.3,0.7,71.9,76.1,67.9,,,5.149,11.665,90.75355704,76.4097769,99.7,27.6,6.953180396,22.9477957567361,0.512594480778805,1.48805582600406,0.721899235670704,28.8
KGZ,Kyrgyz Republic,Europe and Central Asia,2022,,0.3,72.04878049,76.3,68.0,,,4.767,10.953,90.79580709,76.4871521,99.7,,7.048279458,23.2193539916424,1.20657666310307,1.86387805025887,1.59148046680569,26.4
KIR,Kiribati,East Asia and Pacific,2019,21.9,5.6,67.15,68.782,65.295,,,8.557,22.29,73.74936738,13.75472054,89.3,42.2,1.456790123,19.1953404589994,0.0628246593105252,-1.06690339493804,0.671389519019898,27.8
KOR,"Korea, Rep.",East Asia and Pacific,2019,,0.1,83.22682927,86.3,80.3,,,3.746,9.953,99.76579848,99.01979041,100.0,3.2,64.51844262,28.1326566397932,-0.141786708897498,-0.657889944450866,0.086307629797554,33.2
KOR,"Korea, Rep.",East Asia and Pacific,2020,,0.1,83.42682927,86.5,80.5,,,3.931,10.26,99.84769306,99.12891308,100.0,3.6,64.41598361,28.128341959264,-0.73407213263974,-0.629154313266698,-0.0880761665005397,32.7
KOR,"Korea, Rep.",East Asia and Pacific,2021,,0.1,83.52682927,86.6,80.6,,,3.639,8.125,99.92958764,99.21021813,100.0,3.6,64.31352459,28.2289946073694,0.271485828209621,-0.263915426277885,0.201532596762912,32.9
LKA,Sri Lanka,South Asia,2019,14.3,1.1,76.008,79.743,72.227,92.0,99.0,4.67,21.031,88.39140851,47.82528978,99.8,46.1,34.20671025,25.2120704885296,-0.636019837129705,-0.0720697524641679,-0.596682484646348,37.7
LMC,Lower middle income,Other summary,2019,,20.4,68.74045529,70.5833536,67.00312291,75.24550629,90.5819702,6.280999112,19.27260507,87.69871249,61.46061205,,,,29.4713659664549,0.226459685958936,-0.111021431691407,-0.52492063578047,
LMC,Lower middle income,Other summary,2020,,20.0,68.20962381,70.17310357,66.37728181,75.88030243,90.9372787,,,88.26108118,62.3224142,,,,29.4396885039482,-1.31357243770667,0.178112248517157,-0.639597981204619,
LMC,Lower middle income,Other summary,2021,,20.5,66.50332555,68.47457836,64.67954233,76.48822784,91.2629623,6.164771141,17.79498119,88.81770179,63.17350646,,,,29.5642598925957,0.7440168571593,0.0436430110668842,-0.466544883289937,
LMC,Lower middle income,Other summary,2022,,12.2,67.16591748,69.15072696,65.31515596,77.0826416,91.5725708,4.760427784,15.09590582,89.35610605,63.79932676,,,,29.6286287633844,0.578425734922155,0.704312361463025,-0.312508486270209,
LMY,Low & middle income,Other summary,2019,,18.4,71.36828759,73.7202224,69.12873808,84.17989349,91.4412689,6.237195032,17.41546077,87.86837744,66.87856393,,,,31.0485969684954,0.225069143228775,-0.218577217362549,-0.673183760308484,
LMY,Low & middle income,Other summary,2020,,17.9,70.70376181,73.18167217,68.37864211,84.42474365,91.5580673,6.791188308,18.65031896,88.35007356,67.62801388,,,,31.0161365400106,-0.81635568335224,-0.177270213164551,-0.737013012205086,
LMY,Low & middle income,Other summary,2021,,18.0,69.681449,72.16080218,67.36686579,84.65364075,91.7040405,6.397741368,17.19777479,88.86831652,68.27969798,,,,31.1800089942653,0.879729133047305,0.0504475524971593,-0.598081653198158,
LMY,Low & middle income,Other summary,2022,,14.6,70.35008665,72.75894643,68.06599546,84.93734741,91.8673706,,,89.36639595,68.80597107,,,,31.2273794970611,0.17333198642003,0.817831213070443,-0.50492835481954,
LTU,Lithuania,Europe and Central Asia,2019,20.9,1.0,76.28292683,81.2,71.6,,,6.255,11.854,98.00147289,94.89748745,100.0,33.5,35.13254551,24.7328159489253,0.346211896425757,-0.294427152830408,1.9698716278543,35.3
LTU,Lithuania,Europe and Central Asia,2020,20.0,0.4,74.97804878,80.1,70.1,,,8.487,19.561,98.0133505,94.92379327,100.0,31.7,35.14851485,24.773519848839,-0.583217010521468,-0.505745826642228,1.6436119498289,36.0
LTU,Lithuania,Europe and Central Asia,2021,20.9,0.4,74.03658537,78.8,69.5,99.83000183,99.9499969,7.112,14.311,98.02597266,94.95175037,100.0,33.2,35.18074908,24.9285153312538,0.68767126436721,0.143073634156465,2.13669806381309,36.7
LUX,Luxembourg,Europe and Central Asia,2019,,0.9,82.63902439,85.2,80.2,,,5.592,16.985,99.87670462,99.51253086,100.0,16.4,34.45382721,24.9701956446998,-0.00704717009672189,-0.404534284758415,3.30892241936642,34.2
LUX,Luxembourg,Europe and Central Asia,2021,17.3,2.7,82.59756098,84.8,80.5,,,5.571,18.684,99.88300827,99.52723298,100.0,20.5,34.45382721,25.1727654252254,0.845777226708166,-0.258591227177897,3.30892241936642,32.7
LVA,Latvia,Europe and Central Asia,2019,21.6,0.6,75.38780488,80.1,70.9,,,6.312,12.422,98.73825457,96.25441325,100.0,41.5,54.74986742,24.2227841328727,-0.456360620499968,-0.205605972137136,1.37113468176752,34.5
LVA,Latvia,Europe and Central Asia,2020,23.4,0.8,75.18536585,80.0,70.6,,,8.098,14.874,98.790264,96.53996132,100.0,43.8,54.80941668,24.2312205813012,-1.28753635538975,-0.688422427491162,1.33460268923194,35.7
LVA,Latvia,Europe and Central Asia,2021,22.5,0.5,72.9804878,78.0,68.2,99.88999939,99.8199997,7.513,14.791,98.8420438,96.8256719,100.0,44.0,54.87160534,24.3657118980403,0.801423135830266,-0.119109088961258,1.66938410917847,34.3
LVA,Latvia,Europe and Central Asia,2022,22.5,,74.5804878,79.6,69.8,,,6.815,15.275,98.89352739,97.11127226,100.0,,54.93379399,24.3613493935557,-0.228280444799732,2.49476637991362,2.26690675092863,
MDA,Moldova,Europe and Central Asia,2019,25.2,0.8,70.935,75.617,66.378,,,1.502,3.253,90.69568696,74.13972218,100.0,22.0,11.75275726,23.1859947909547,0.120592330383912,0.171800248376372,0.394324256075222,26.0
MDA,Moldova,Europe and Central Asia,2020,26.8,,70.166,74.852,65.692,,,1.206,4.057,91.1372487,74.49593776,100.0,22.3,11.75322187,23.1682828902952,-2.25150127847684,-0.027821619917435,0.17731335725655,
MDA,Moldova,Europe and Central Asia,2021,24.5,0.2,68.846,73.547,64.443,99.59999847,99.6999969,0.794,1.8,91.58024326,74.85757103,100.0,21.4,11.72277828,23.3400680092924,2.20177540336832,0.221831376887381,0.416077168347009,25.7
MDA,Moldova,Europe and Central Asia,2022,31.1,,68.621,73.32,64.217,,,0.909,2.921,92.02426809,75.22434212,100.0,,11.75129219,23.3981377186395,-1.59762822048423,4.62301405208151,0.993537533033662,
MDV,Maldives,South Asia,2019,5.4,0.0,80.116,81.162,79.323,98.21186066,98.7442398,4.562,13.874,99.52720781,,100.0,1.3,2.733333333,22.4682995995454,0.871834668169181,-0.688242731503221,1.67807490478992,29.3
MEX,Mexico,Latin America and the Caribbean,2020,43.9,2.6,70.133,74.314,66.334,95.0,98.9599991,4.441,8.13,99.36870453,42.89210182,99.4,12.3,33.79309139,27.7452957822267,-2.26715499201212,-0.0965723063215936,0.11477245576281,44.6
MEX,Mexico,Latin America and the Caribbean,2022,36.3,1.7,74.832,78.161,71.547,,98.9499969,3.256,6.495,99.70642945,43.03787942,100.0,,33.66164197,28.0124052576867,0.148026155764396,0.741435460719403,0.413903637870975,43.5
MHL,Marshall Islands,East Asia and Pacific,2019,7.2,1.0,64.746,66.608,63.233,,,6.342,25.678,85.71566293,,96.8,12.1,52.22222222,19.2661197391483,1.50430626406205,,2.09003557505504,35.5
MKD,North Macedonia,Europe and Central Asia,2019,21.8,3.1,76.60243902,78.6,74.7,,,16.5361,35.598,97.72562379,80.35073391,100.0,17.0,39.71015067,23.2574655760031,0.192408246601912,-0.58647551505282,1.7157110091384,33.5
MLI,Mali,Sub-Saharan Africa,2019,42.3,,59.664,60.841,58.523,,,3.29,4.837,79.27971511,,47.9,74.9,10.89666363,23.5728301147424,0.362016622234284,-1.0380699307905,-0.227501945300375,
MLI,Mali,Sub-Saharan Africa,2020,41.9,,58.633,59.94,57.385,31.0,46.0,3.528,7.499,80.74718639,,50.6,72.8,10.89666363,23.583487203644,-0.839565337200175,-0.64762984898251,-0.16565495634368,
MLI,Mali,Sub-Saharan Africa,2021,44.6,51.3,58.941,60.331,57.618,,,,,82.2039904,,53.4,71.2,10.89666363,23.6838611499351,0.020380367425763,0.00190929496866388,-0.13547446886397,35.7
MLT,Malta,Middle East and North Africa,2019,16.9,0.4,82.85853659,84.6,81.2,,,3.627,9.33,100.0,99.82531973,100.0,7.4,1.4375,23.5167468824989,0.227360364361954,-0.423393797804559,3.30892241936642,31.0
MLT,Malta,Middle East and North Africa,2020,16.9,0.3,82.34878049,84.5,80.3,,,4.357,10.916,100.0,99.80768555,100.0,9.2,1.4375,23.5196882381816,-1.28863099618312,-0.610295508890546,3.30892241936642,31.4
MLT,Malta,Middle East and North Africa,2021,16.7,,82.50731707,84.3,80.8,94.94000244,99.4499969,3.403,9.444,99.99999912,99.79004774,100.0,8.6,1.4375,23.7048264454429,2.10758095019565,-0.450244631279662,3.30892241936642,
MNE,Montenegro,Europe and Central Asia,2019,22.6,,76.68292683,79.5,74.0,,,15.128,25.184,98.68140384,85.01322034,100.0,38.7,61.48698885,22.4356310599543,0.222996318170809,-0.661882447591748,0.944530531876266,35.7
MNE,Montenegro,Europe and Central Asia,2020,21.2,,75.93170732,78.8,73.2,,,16.5361,35.954,98.85691237,85.07219953,99.9,39.6,61.48698885,22.285611485033,-3.66150950355372,-0.776837735651919,0.378081369434836,35.4
MNE,Montenegro,Europe and Central Asia,2021,20.3,,73.82439024,77.0,70.8,98.98000336,99.0500031,16.5361,36.962,98.86039399,85.09555958,99.8,39.6,61.48698885,22.4916590125757,2.02398597980174,-0.280217881056653,0.845587738066415,34.3
MNG,Mongolia,East Asia and Pacific,2022,27.1,1.1,72.667,77.375,68.079,,,5.954,11.447,83.51122724,39.28015504,100.0,,9.098233215,23.5650582584891,0.417476843147619,2.09203938671674,1.65739449184083,31.4
MRT,Mauritania,Sub-Saharan Africa,2019,31.8,42.4,65.687,67.651,63.777,,,10.416,22.765,72.54431314,,44.9,21.2,0.308819249,22.7894657042233,0.0381067211174005,-0.300837172367857,0.546177325566416,32.0
MWI,Malawi,Sub-Saharan Africa,2019,50.7,78.3,64.119,67.968,60.402,,,,,69.46487563,15.87522951,11.2,70.9,24.22252864,23.1258650815196,0.554672144056121,1.01606787271897,0.0,38.5
MYS,Malaysia,East Asia and Pacific,2019,8.4,,75.76,78.306,73.465,95.0,97.0,3.26,10.52,97.09036742,93.77186255,100.0,5.7,58.32959976,26.6236507428915,0.293235351746913,-0.605760969122683,1.31243511686227,
MYS,Malaysia,East Asia and Pacific,2021,6.2,,74.884,77.362,72.659,,,4.64,11.26,97.10941679,93.86336693,100.0,7.5,58.02431898,26.6469466027545,0.0730705027196662,-0.267869621941049,1.59794621279267,40.7
NER,Niger,Sub-Saharan Africa,2021,45.5,78.0,61.576,62.794,60.407,,,,,48.06025265,,18.6,79.6,0.842567301,23.4256334183057,-0.314331095078306,-0.0144310525156596,-0.918563872852911,32.9
NLD,Netherlands,Europe and Central Asia,2019,13.4,1.8,82.11219512,83.7,80.6,,,3.379,6.735,100.0,99.97143833,100.0,8.6,10.94653995,27.5572701569622,-0.1305334334791,-0.238703952298253,2.28895283995107,29.2
NLD,Netherlands,Europe and Central Asia,2020,14.4,2.0,81.35853659,83.1,79.7,,,3.82,9.106,100.0,99.97025768,100.0,10.7,10.97416097,27.5612004018755,-1.36749812747124,-0.492230637247634,2.06994661917361,26.0
NLD,Netherlands,Europe and Central Asia,2021,14.5,1.6,81.3097561,83.0,79.7,,,4.209,9.324,100.0,99.9690763,100.0,12.2,11.00198099,27.6840593869594,0.666977920484094,-0.230877667980114,2.3532317031787,25.7
NOR,Norway,Europe and Central Asia,2019,,1.8,82.95853659,84.7,81.3,,,3.684,9.936,99.9999987,98.9859634,100.0,59.8,33.33990698,26.7363524336314,-0.366436145726879,-0.325489312771527,-0.0397853832872385,27.7
NOR,Norway,Europe and Central Asia,2020,12.6,,83.2097561,84.9,81.6,,,4.424,11.336,100.0,98.93168066,100.0,60.9,33.43535968,26.6303509948922,-0.84813284714683,-0.489599985510576,-0.183529822195547,
NOR,Norway,Europe and Central Asia,2021,12.2,,83.16341463,84.7,81.7,,,4.359,12.883,100.0,98.87739581,100.0,61.4,33.45814918,26.9445873498897,0.192060751701292,-0.0803601724180346,-0.0313064170647374,
NPL,Nepal,South Asia,2022,20.3,2.2,70.484,72.364,68.608,,,,,91.23509651,16.11663714,91.3,,41.59072201,24.441289920214,0.53752349579112,0.695714713045883,-0.608409699147105,30.0
PAN,Panama,Latin America and the Caribbean,2019,21.5,,77.81,80.954,74.789,96.0,98.8799973,6.409,17.072,94.18249882,,93.9,19.0,56.95942303,24.9685988157504,0.0304986802639325,-0.795355929017593,0.207477427520912,49.8
PAN,Panama,Latin America and the Caribbean,2021,21.8,2.4,76.223,79.594,73.05,,99.25,10.293,22.366,94.60610698,,95.3,28.0,56.65170262,24.9338573297082,2.71058074057904,-0.425508939335749,0.199820857856411,50.9
PER,Peru,Latin America and the Caribbean,2019,20.2,4.6,76.156,78.497,73.904,,99.1200027,3.379,7.335,93.00323669,51.11794794,95.6,27.1,56.643125,26.1541278594588,-0.142457747522854,-0.309771574619249,-0.661061200721659,41.5
PER,Peru,Latin America and the Caribbean,2020,30.1,7.0,73.665,76.816,70.808,94.0,99.5199966,7.179,12.583,93.60796814,51.40620953,96.2,31.6,56.50810156,26.0286084684362,-2.78441262160182,-0.356279296501298,-0.731030021161133,43.7
PER,Peru,Latin America and the Caribbean,2021,25.9,4.1,72.377,74.746,70.121,,99.1200027,5.097,9.521,94.20889819,51.69531259,95.6,30.6,56.37307289,26.1453659824239,2.08650864625174,0.0663621293738075,-0.444977988178679,40.1
PER,Peru,Latin America and the Caribbean,2022,27.5,4.0,73.385,75.495,71.332,,99.3000031,4.291,7.709,94.80580932,51.98521171,96.2,,56.23804773,26.230583204691,-0.0452202676833511,0.822905524328772,-0.393703213314858,40.3
PHL,Philippines,East Asia and Pacific,2021,18.1,4.1,69.266,71.482,67.172,,,3.398,8.488,94.46428059,47.66305817,97.5,28.0,24.22604554,26.6998375340542,0.554252594281628,0.00220307918925758,-0.232017573345356,40.7
POL,Poland,Europe and Central Asia,2019,,0.0,77.90487805,81.9,74.1,,,3.267,9.87,91.81968718,90.3359777,100.0,15.6,30.93985822,27.1246588498804,0.326780505027094,-0.31436128001578,0.756128533095445,28.8
POL,Poland,Europe and Central Asia,2020,11.8,,76.5,80.7,72.5,,,3.155,10.871,91.08880581,89.61918768,100.0,16.1,30.9770359,27.1300038987552,-1.00002431330829,-0.10073761524112,0.695901922048515,28.5
POL,Poland,Europe and Central Asia,2021,12.2,,75.50243902,79.6,71.6,99.80000305,99.9000015,3.268,11.849,90.36157032,88.90617795,100.0,15.2,31.01927475,27.2587538119253,0.797402127247788,0.212261213655363,0.997177089662712,28.5
POL,Poland,Europe and Central Asia,2022,11.8,,77.30487805,81.3,73.5,,,2.811,10.584,90.3695801,88.91449931,100.0,,31.05949231,27.2680506826321,0.462147495207683,1.95821989479244,1.31224760826514,
PRT,Portugal,Europe and Central Asia,2019,16.2,1.7,81.67560976,84.8,78.7,,,6.464,18.269,99.21959411,94.94031143,100.0,28.2,36.15499489,26.204387976858,-0.0411723863993366,-0.666237889597167,0.371985176277797,32.8
PRT,Portugal,Europe and Central Asia,2020,18.4,1.8,80.97560976,84.1,78.0,,,6.801,22.466,99.23206739,95.01444466,100.0,31.3,36.15499489,26.1596872505856,-2.23719321147519,-0.731539220078535,0.105800103118433,34.7
PRT,Portugal,Europe and Central Asia,2021,16.4,1.6,81.37804878,84.4,78.5,96.77999878,99.7099991,6.577,23.432,99.24568371,95.0865778,100.0,32.3,36.15499489,26.2686620075076,0.522972614270747,-0.493497710698302,0.348707256593324,34.6
PRY,Paraguay,Latin America and the Caribbean,2019,23.5,1.8,73.621,76.441,70.961,93.0,98.3600006,6.595,15.277,99.59111402,64.01892872,99.7,60.1,41.23231815,24.3588852831696,-0.672392754301666,-0.215721407479739,-0.0313207361530123,45.7
PRY,Paraguay,Latin America and the Caribbean,2020,26.9,1.4,73.182,76.156,70.398,95.0,98.6399994,7.548,17.09,99.59347078,64.08422143,99.7,61.5,40.52922225,24.2908862292095,-0.756206185345969,-0.400028006489103,-0.250806882034656,43.5
PRY,Paraguay,Latin America and the Caribbean,2021,26.9,1.3,70.262,73.385,67.434,,98.6299973,7.311,16.121,99.59589823,64.15144761,100.0,58.8,39.82614322,24.4109170355633,0.213729644299153,0.162525068795895,-0.0697061307280005,42.9
PRY,Paraguay,Latin America and the Caribbean,2022,24.7,1.8,70.475,73.571,67.645,,99.0800018,6.755,14.515,99.59839281,64.22060427,100.0,,39.25029356,24.4598136562247,-0.556499660629615,1.0895852820889,0.0339326833666415,45.1
ROU,Romania,Europe and Central Asia,2019,23.4,0.0,75.60731707,79.5,71.9,,,3.912,16.765,99.99999968,81.95769797,100.0,23.5,30.11582928,26.251412356291,0.194984096890542,-0.0162960748863653,0.309648917004864,34.8
ROU,Romania,Europe and Central Asia,2020,22.5,0.1,74.25365854,78.3,70.4,,,5.035,17.337,100.0,81.98883162,100.0,24.1,30.11582928,26.2528298359958,-1.32867902035938,-0.239193035166432,0.142502483596482,34.6
ROU,Romania,Europe and Central Asia,2021,21.2,0.0,72.8097561,76.6,69.2,99.0,100.0,5.59,21.038,99.99999778,82.02704009,100.0,23.6,30.11582928,26.3812765873599,0.520355936222638,0.211758665871081,0.367896319055286,33.9
RUS,Russian Federation,Europe and Central Asia,2019,12.3,4.6,73.08390244,78.17,68.24,,,4.513,15.249,96.79552688,75.94882709,99.8,3.2,49.78433608,28.1575940966628,-0.1509921111486,0.103369936682905,-0.601786367190688,35.7
RUS,Russian Federation,Europe and Central Asia,2020,12.1,5.0,71.33878049,76.43,66.49,,,5.62,17.039,96.88071805,76.04064388,99.9,3.7,49.78433608,28.0318622164399,-1.12397771536659,-0.0993985649450905,-0.686392205574801,33.7
RUS,Russian Federation,Europe and Central Asia,2021,11.0,,69.9002439,74.51,65.51,100.0,100.0,4.749,16.22,96.96612688,76.13550914,100.0,3.5,49.78433608,28.2426273837332,0.534109397262975,0.517600549536646,-0.576686463421802,35.1
SEN,Senegal,Sub-Saharan Africa,2021,,37.1,67.093,69.284,64.752,,,,,85.0712263,26.37587024,68.0,35.4,41.69822885,24.0382073427379,0.720557346889031,-0.323143950713752,-0.0792066864090382,36.2
SLV,El Salvador,Latin America and the Caribbean,2019,,4.4,72.559,76.776,68.009,89.0,98.3499985,4.17,9.952,97.82034809,,97.4,19.4,28.39671815,24.0146907624535,-0.102982693326687,-0.715193720628553,0.0936967029152594,38.8
SLV,El Salvador,Latin America and the Caribbean,2020,26.2,,71.061,75.413,66.432,90.0,98.5100021,5.008,11.243,98.03050896,,99.7,23.7,28.17953668,23.9389842825747,-2.17471758403485,-0.798430195505114,-0.154854608476934,
SLV,El Salvador,Latin America and the Caribbean,2021,24.6,6.3,70.748,75.149,66.078,,98.0699997,4.327,9.988,98.1944683,,97.9,21.9,27.96235521,24.0920481478139,1.79562596393786,-0.0835179351304267,0.244216709512423,39.0
SLV,El Salvador,Latin America and the Caribbean,2022,26.6,5.5,71.475,75.813,66.837,,98.2699966,2.999,7.701,98.59315999,,100.0,,27.74517375,24.188655429819,-0.0303695894602879,0.611498343129185,0.40787701102339,38.8
SOM,Somalia,Sub-Saharan Africa,2022,54.4,,56.107,58.233,54.072,54.0,71.0,,,58.25950307,,48.9,95.4,9.287627124,23.0459248215196,-0.0448965735505808,,0.475449433929514,
SRB,Serbia,Europe and Central Asia,2019,21.7,0.2,75.93658537,78.6,73.4,99.0,100.0,10.395,27.526,94.91235983,74.97263785,99.8,21.4,31.12531443,24.7097410662069,0.360822809803395,-0.384809030463745,0.911660099198759,34.5
SRB,Serbia,Europe and Central Asia,2020,21.2,,74.47804878,77.5,71.6,,,9.011,26.65,95.29552514,75.00594659,100.0,26.0,32.37780949,24.7463653088755,-0.782324761255411,-0.435784276516983,0.723535507625795,35.0
SRB,Serbia,Europe and Central Asia,2021,20.0,,72.7804878,75.7,70.0,,,9.843,24.53,95.67966514,75.04207243,100.0,27.2,32.38125818,24.9153401354535,1.00233284179368,0.0316157021653295,1.03525451139844,33.1
SUR,Suriname,Latin America and the Caribbean,2022,,2.1,70.289,73.577,67.189,,,,,97.99301334,55.79615202,99.0,,94.52387398,22.0560547747774,-0.109249541328682,9.03869479482922,0.0,39.2
SVK,Slovak Republic,Europe and Central Asia,2019,11.4,0.1,77.66585366,81.2,74.3,,,5.761,16.108,99.78781785,99.07792664,100.0,17.6,40.05615641,25.3852227010321,-0.135385077849674,-0.23295595289804,2.88671898790668,23.2
SVK,Slovak Republic,Europe and Central Asia,2020,12.3,0.2,76.86585366,80.4,73.5,,,6.719,19.433,99.78770136,99.11353327,100.0,17.6,40.05615641,25.4029217808703,-1.1103122486414,-0.368473037621496,2.46682290224618,24.2
SVK,Slovak Republic,Europe and Central Asia,2021,13.7,0.1,74.61463415,78.2,71.2,,,6.894,21.202,99.78745843,99.14912807,100.0,17.9,40.05615641,25.5156787840558,0.556710342978667,-0.142617763233198,2.83834035363057,24.1
SVN,Slovenia,Europe and Central Asia,2019,12.4,0.0,81.52926829,84.5,78.7,,,4.446,8.133,99.5,97.90566515,100.0,20.9,61.57307165,24.710580393224,0.111154242893274,-0.425542606282183,2.27254972970319,24.4
SVN,Slovenia,Europe and Central Asia,2020,11.7,0.0,80.53170732,83.4,77.8,,,4.971,14.189,99.5,98.27432091,100.0,22.7,61.47225919,24.7007911514693,-1.41102516167062,-0.73943953759562,1.94844714366929,24.0
SVN,Slovenia,Europe and Central Asia,2021,12.1,0.0,80.67560976,83.8,77.7,,,4.744,12.781,99.5,98.27432091,100.0,23.4,61.371114,24.84277900353,1.09069130802464,-0.372174922182745,2.32542317260684,24.3
SVN,Slovenia,Europe and Central Asia,2022,12.7,,81.28292683,84.1,78.6,,,4.011,10.08,99.5,98.27432091,100.0,,61.27019229,24.8164047184108,-0.050487087561701,0.91602766045551,2.95148589069113,
SWE,Sweden,Europe and Central Asia,2019,16.1,2.5,83.1097561,84.8,81.5,,,6.833,20.131,99.71740999,99.70961304,100.0,52.9,68.69966608,27.0002269450167,-0.0804864119493678,-0.396929777643487,0.521131289375009,29.3
SWE,Sweden,Europe and Central Asia,2020,15.7,2.4,82.35609756,84.2,80.6,,,8.291,23.946,99.72807241,99.72807241,100.0,57.8,68.69966608,27.0243231543789,-0.993961602098254,-0.636589426276285,0.30869101552053,28.9
SWE,Sweden,Europe and Central Asia,2021,16.0,1.5,83.05609756,84.9,81.3,,,8.722,24.747,99.73844577,99.73844577,100.0,57.9,68.69966608,27.1803290130181,0.598928882030455,-0.326333508962307,0.462949769137186,29.8
SWE,Sweden,Europe and Central Asia,2022,16.1,,83.1097561,84.8,81.5,,,7.392,21.737,99.73887987,99.73887987,100.0,,68.69966608,27.0861146140657,-0.299151485915815,0.829533067187006,0.866987184273141,
TCD,Chad,Sub-Saharan Africa,2022,,80.9,52.997,54.769,51.3,27.28000069,36.0699997,,,51.99515252,6.247048605,11.7,70.0,3.249241105,23.2407048239108,-0.0294092684559963,0.348780263507112,0.44855320890159,37.4
TGO,Togo,Sub-Saharan Africa,2021,,43.9,61.619,62.391,60.849,,,,,69.94698197,19.12943514,55.7,75.1,22.17889318,22.8445980395591,0.609631422589248,0.0504475524971593,-0.385041466738323,37.9
THA,Thailand,East Asia and Pacific,2019,6.2,0.2,78.975,83.433,74.638,91.26914978,98.5203476,0.716,4.159,99.96483136,,99.9,23.9,38.96924974,27.0221728034986,-0.167741132085665,-0.597596506925415,0.966446536501428,34.9
THA,Thailand,East Asia and Pacific,2020,6.8,0.2,79.274,83.697,74.954,,,1.099,5.164,100.0,,100.0,20.9,38.89878447,26.9387975087454,-1.80510229598013,-0.88677590873392,0.658075251528178,35.0
THA,Thailand,East Asia and Pacific,2021,6.3,0.1,78.715,83.041,74.518,94.09999847,98.8000031,1.215,5.798,99.99999799,,100.0,19.0,38.82831921,26.9503083071508,-0.277313591642206,-0.500065112524406,1.15981424621161,34.9
TJK,Tajikistan,Europe and Central Asia,2021,23.2,,71.594,73.734,69.568,,,,,81.89407836,55.26316675,99.6,34.9,3.060739246,22.9135559091941,1.29331082965696,,-0.0156599849718346,
TJK,Tajikistan,Europe and Central Asia,2022,22.5,,71.288,73.518,69.189,,,,,81.93990755,55.29210075,100.0,,3.067944376,23.0947728176681,1.01254932415077,,-0.18141502864296,
TON,Tonga,East Asia and Pacific,2021,20.6,0.0,70.986,73.719,68.416,99.40000153,99.4000015,2.111,6.357,98.77468859,29.50862047,100.0,1.8,12.43055556,20.0659258831028,-0.519085440361308,0.321305943290151,-0.162252461357687,27.1
TUN,Tunisia,Middle East and North Africa,2021,16.6,0.4,73.772,77.145,70.743,,,,,96.93899305,74.10628117,99.9,11.6,4.533084449,24.5694116153086,0.358037816341261,0.333568225370292,0.561980352277337,33.7
TUR,Turkiye,Europe and Central Asia,2019,,0.5,77.832,80.953,74.68,97.0,100.0,13.73,25.41,96.86896416,,100.0,14.1,28.6687889,27.357907079141,-0.427654892241131,2.0974154969646,-0.239573759470133,43.8
TUR,Turkiye,Europe and Central Asia,2020,,0.5,75.85,79.061,72.772,,,13.148,25.279,97.0142666,,100.0,13.7,28.8714837,27.3029863832478,-0.218816643351051,1.55769687830932,-0.287547105057817,43.0
TUR,Turkiye,Europe and Central Asia,2021,14.4,0.5,76.032,79.121,73.04,,,11.969,22.612,97.02029543,,100.0,12.0,29.0741785,27.4324055295059,1.70229958170915,2.92056616691286,-0.0349447395624221,44.4
UGA,Uganda,Sub-Saharan Africa,2019,20.3,52.2,62.991,64.99,60.893,,,2.563,5.349,54.32668724,15.80938218,41.3,90.5,11.86490126,24.2885120382807,0.699448869411844,-0.195142830703014,-0.857735036825443,42.7
UKR,Ukraine,Europe and Central Asia,2019,,1.4,71.82731707,76.98,66.92,,,8.194,15.414,93.51157783,88.14986403,100.0,7.4,16.71384191,25.7594584103579,0.049838341011341,0.739655174420123,0.468999765110343,26.6
UKR,Ukraine,Europe and Central Asia,2020,1.6,1.7,71.18512195,76.22,66.39,,,9.475,19.262,93.54498546,87.9774979,100.0,8.7,16.72419745,25.7770755564328,-1.34440839775918,-0.220304049829719,0.17447911569726,25.6
UMC,Upper middle income,Other summary,2019,,3.1,76.02510245,78.89422817,73.2788559,95.21391296,98.4472122,6.296167936,15.81155993,95.62978342,79.64304194,,,,30.798553118817,0.223843943849887,-0.352275874627616,-0.707454416437392,
UMC,Upper middle income,Other summary,2020,,3.2,75.23685561,78.2675992,72.39170295,95.32048035,98.4526367,7.015023426,17.92540771,96.09721246,80.01458331,,,,30.7654756611526,-0.692056970317976,-0.377148815741259,-0.760010214729968,
UMC,Upper middle income,Other summary,2021,,2.6,74.8743403,77.86281204,72.07511911,95.35308075,98.4300613,6.653323848,17.77908475,96.65889083,80.35261634,,,,30.9412210047687,0.933921365300965,0.0210789674477734,-0.628409164941749,
UMC,Upper middle income,Other summary,2022,,2.4,75.66529909,78.47744199,72.96716466,95.49536896,98.4357605,,,97.27838277,80.62070193,,,,30.9825764706893,0.0723097308617475,0.880121507376096,-0.546552610181745,
URY,Uruguay,Latin America and the Caribbean,2019,,0.1,77.508,81.296,73.579,99.0,99.0199966,8.836,27.782,99.48723799,,99.9,59.3,11.48440178,24.8539797081094,-0.405627834997259,0.738774459281965,-0.588399328227411,39.7
URY,Uruguay,Latin America and the Caribbean,2021,,0.1,75.436,79.258,71.654,,99.1800003,9.328,31.39,99.50424188,,100.0,57.8,11.72437436,24.8302106580537,0.523601373999912,0.713803445691251,-0.404787449005718,40.8
URY,Uruguay,Latin America and the Caribbean,2022,9.9,0.2,78.0,81.685,74.147,99.0,99.1299973,7.877,25.218,99.50798062,,100.0,,11.84436064,24.9741109343646,0.352209378077964,0.966441189156904,-0.352655135965625,40.6
USA,United States,North America,2019,,1.1,78.78780488,81.4,76.3,,,3.669,8.392,99.74463092,97.0093299,100.0,10.2,33.86692641,30.7009327876568,-0.0736323224508351,-0.391703853098609,-1.19758994902598,41.5
USA,United States,North America,2020,,0.5,76.9804878,79.9,74.2,,,8.055,14.92,99.82042152,97.16495749,100.0,11.0,33.86692641,30.6922648746371,-1.02558572050407,-0.499471173875662,-1.28003922948259,39.7
USA,United States,North America,2021,,0.6,76.32926829,79.3,73.5,,,5.349,9.73,99.89493841,97.31930029,100.0,10.9,33.86692641,30.7957026003361,0.622501703496701,0.145739696298512,-1.22469063833985,39.7
USA,United States,North America,2022,,1.5,77.43414634,80.2,74.8,,,3.65,8.129,99.96411284,97.46838875,100.0,,33.86692641,30.8893830033572,-0.0879611964988247,0.761275171457126,-1.18116575090208,41.3
UZB,Uzbekistan,Europe and Central Asia,2021,17.0,,70.862,73.39,68.334,100.0,100.0,,,96.28974264,78.81259694,99.9,1.0,8.431804617,25.0714778989722,1.01950475076142,1.29141618668358,-0.388310742456996,
UZB,Uzbekistan,Europe and Central Asia,2022,14.1,2.3,71.674,74.293,69.032,100.0,100.0,,,96.62280996,79.84529824,100.0,,8.49046413,25.2241407904166,0.611730360286819,1.40268090487651,-0.222040677195584,31.2
VNM,Viet Nam,East Asia and Pacific,2019,5.7,,74.093,78.888,69.369,96.0,99.0,1.681,5.8,95.98905365,56.19791425,99.4,20.4,46.47684165,26.5354990476104,0.884053206398236,-0.208508730242901,2.39341936504624,
VNM,Viet Nam,East Asia and Pacific,2020,4.8,1.2,75.378,79.92,70.787,,98.2005234,2.103,6.787,96.66702247,56.73034982,99.8,18.9,46.71900175,26.5714833758889,-0.0171615500656174,-0.12933312160124,2.35559258506742,36.8
VNM,Viet Nam,East Asia and Pacific,2022,4.3,1.3,74.58,79.29,69.927,96.0,99.0,1.523,5.999,97.95681658,57.78141143,100.0,,47.20332196,26.7402129284713,1.03731934744281,-0.141332434965018,2.88845508495576,36.1
VUT,Vanuatu,East Asia and Pacific,2019,15.9,19.9,69.877,72.405,67.801,,,5.445,12.273,90.0654259,,64.5,31.6,36.28383921,20.6576881292148,0.0581977774864299,-0.214711405046622,0.699115062427935,32.3
ZMB,Zambia,Sub-Saharan Africa,2022,60.0,66.5,61.803,64.51,59.058,,,5.993,9.816,68.2478065,,47.8,,59.77696915,24.0961934387283,0.453276756247001,1.31822908741001,-0.0812474533489019,51.5
ZWE,Zimbabwe,Sub-Saharan Africa,2019,38.3,42.4,61.292,63.661,58.644,93.22754669,92.5128403,7.373,11.856,63.0949538,26.68397765,46.7,81.0,45.21300246,23.970434025296,-1.86173752631466,17.8954815195323,-0.431445961086706,50.3
